Fecha,ACO,AJM,AJU,ATI,AZC,BJU,CAM,CCA,CES,MON,CHO,COY,CUA,CUT,FAC,FAR,GAM,HGM,INN,IZT,LAG,LLA,LPR,MER,MGH,MPA,NEZ,PED,PLA,SAC,SAG,SFE,SJA,SUR,TAC,TAH,TAX,TEC,TLA,TLI,TPN,UAX,UIZ,VIF,XAL
01/01/2020,nr,nr,nr,35,nr,34,38,41,nr,33,nr,nr,42,59,39,36,36,nr,28,31,nr,33,24,37,34,38,35,45,nr,32,30,49,nr,nr,nr,36,nr,nr,33,37,nr,41,30,32,nr
02/01/2020,nr,nr,30,26,nr,23,27,28,nr,26,nr,nr,24,25,25,24,22,nr,29,21,nr,22,17,22,22,34,25,30,nr,25,nr,28,nr,nr,nr,29,nr,nr,22,27,nr,26,20,24,nr
03/01/2020,nr,56,61,49,nr,51,51,56,nr,52,nr,nr,49,52,51,55,55,nr,50,53,nr,48,30,48,50,52,50,54,nr,46,53,54,nr,nr,nr,48,nr,nr,43,48,nr,52,44,49,nr
04/01/2020,nr,90,98,40,nr,74,64,80,nr,71,nr,nr,60,53,50,76,74,nr,71,65,nr,56,36,68,59,99,81,86,nr,72,58,78,nr,nr,nr,86,nr,nr,42,57,nr,89,65,53,nr
05/01/2020,nr,86,90,63,nr,nr,78,79,nr,82,nr,nr,76,89,70,86,101,nr,87,77,nr,69,62,79,65,91,82,81,nr,73,65,84,nr,nr,nr,83,nr,nr,60,74,nr,84,69,66,nr
06/01/2020,nr,121,120,86,nr,nr,112,101,nr,92,nr,nr,91,93,89,114,118,nr,83,91,nr,94,86,97,91,106,109,115,nr,113,77,117,nr,nr,nr,107,nr,nr,74,100,nr,124,82,77,nr
07/01/2020,nr,67,72,48,nr,63,57,65,nr,1,nr,nr,58,54,55,56,37,nr,60,56,nr,46,38,59,58,74,56,70,nr,53,48,71,nr,nr,nr,66,nr,nr,45,58,nr,64,49,47,nr
08/01/2020,nr,107,94,78,nr,82,87,91,nr,104,nr,nr,78,92,76,89,91,nr,77,78,nr,75,67,74,76,89,109,106,nr,83,78,102,nr,nr,nr,91,nr,nr,70,90,nr,105,76,nr,nr
09/01/2020,nr,95,86,70,nr,79,70,82,nr,101,nr,nr,70,76,71,90,79,nr,69,77,nr,85,54,82,69,80,103,96,nr,85,79,91,nr,nr,nr,66,nr,nr,61,100,nr,93,nr,nr,nr
10/01/2020,nr,64,49,56,nr,56,61,56,nr,44,nr,nr,43,77,54,51,61,nr,46,46,nr,39,40,55,51,52,51,70,nr,43,52,66,nr,nr,nr,48,nr,nr,50,66,nr,49,nr,nr,nr
11/01/2020,nr,78,75,65,nr,79,81,70,nr,79,nr,nr,62,80,71,85,85,nr,65,73,nr,72,55,83,68,88,90,84,nr,85,73,84,nr,nr,nr,94,nr,nr,64,84,nr,91,nr,nr,nr
12/01/2020,nr,81,57,64,nr,72,75,68,nr,73,nr,nr,64,59,68,74,78,nr,61,66,nr,83,72,67,64,65,74,85,nr,74,73,94,nr,nr,nr,70,nr,nr,56,72,nr,74,54,nr,nr
13/01/2020,nr,99,59,65,nr,93,91,88,nr,84,nr,nr,67,83,80,99,74,nr,53,83,nr,52,64,93,71,56,82,103,nr,60,71,96,nr,nr,nr,54,nr,nr,67,91,nr,95,65,nr,nr
14/01/2020,nr,82,55,65,nr,68,68,67,nr,75,nr,nr,69,80,70,nr,76,75,66,45,nr,73,48,76,63,63,67,75,nr,54,63,86,nr,nr,nr,68,nr,nr,56,67,nr,69,52,75,nr
15/01/2020,nr,60,52,68,nr,68,85,60,nr,82,nr,nr,65,88,70,89,94,77,49,69,nr,79,64,85,63,55,78,71,nr,60,75,87,nr,nr,nr,55,nr,nr,61,94,nr,63,19,86,nr
16/01/2020,nr,74,55,70,nr,78,83,70,nr,85,nr,nr,64,82,71,94,92,89,71,79,nr,81,64,79,69,59,89,83,nr,74,80,85,nr,nr,nr,75,nr,nr,64,87,nr,86,65,80,nr
17/01/2020,nr,49,52,61,nr,63,70,62,nr,70,nr,nr,58,69,58,76,73,72,49,64,nr,65,51,71,56,59,71,69,nr,60,61,69,nr,nr,nr,62,nr,nr,55,70,nr,71,52,72,nr
18/01/2020,nr,75,69,56,nr,70,78,66,nr,62,nr,nr,61,67,62,73,76,75,66,62,nr,60,49,72,64,85,70,83,nr,62,64,84,nr,nr,nr,78,nr,nr,60,76,nr,77,51,66,nr
19/01/2020,nr,29,30,22,nr,25,23,26,nr,28,nr,nr,27,26,23,31,27,23,27,17,nr,20,16,19,23,30,25,29,nr,21,22,32,nr,nr,nr,25,nr,nr,22,26,nr,25,17,27,nr
20/01/2020,nr,20,25,17,nr,19,25,19,nr,31,nr,nr,23,30,22,35,33,24,25,13,nr,31,19,24,17,19,31,20,nr,nr,30,23,nr,nr,nr,22,nr,nr,21,31,nr,19,19,35,nr
21/01/2020,nr,56,61,47,nr,57,51,54,nr,63,nr,nr,49,50,35,77,72,59,51,58,nr,52,49,62,47,70,63,54,nr,nr,63,55,nr,nr,nr,73,nr,nr,40,57,nr,73,53,59,nr
22/01/2020,nr,78,67,68,nr,85,87,78,nr,91,nr,nr,54,75,68,96,92,93,63,82,nr,94,63,83,70,79,97,83,nr,nr,94,74,nr,nr,nr,77,nr,nr,73,73,nr,83,70,82,nr
23/01/2020,nr,37,53,34,nr,37,38,37,nr,46,nr,nr,34,39,33,43,39,37,36,34,nr,33,24,31,32,56,41,37,nr,nr,33,41,nr,nr,nr,51,nr,nr,35,37,nr,41,30,37,nr
24/01/2020,nr,44,51,43,nr,nr,53,40,nr,44,nr,nr,37,54,39,51,51,45,43,38,nr,49,36,46,39,53,47,49,nr,nr,42,41,nr,nr,nr,57,nr,nr,41,50,nr,46,34,61,nr
25/01/2020,nr,56,45,50,nr,nr,56,45,nr,39,nr,nr,39,69,50,53,55,52,37,39,nr,42,32,49,46,43,44,57,nr,nr,38,54,nr,nr,nr,45,nr,nr,46,57,nr,42,33,58,nr
26/01/2020,nr,49,59,38,nr,50,59,48,nr,50,nr,nr,40,51,52,66,60,55,38,48,nr,52,41,58,42,56,63,56,nr,nr,53,49,nr,nr,nr,57,nr,nr,46,47,nr,61,46,51,nr
27/01/2020,nr,61,54,47,nr,54,62,56,nr,58,nr,nr,47,56,53,65,62,54,46,54,nr,54,33,48,51,63,68,62,nr,nr,61,37,nr,nr,nr,73,nr,nr,48,53,nr,74,51,60,nr
28/01/2020,nr,71,70,65,nr,61,61,66,nr,55,nr,nr,58,73,66,72,70,61,61,61,nr,61,42,59,59,72,59,75,nr,nr,65,58,nr,nr,nr,67,nr,nr,64,66,nr,72,52,72,nr
29/01/2020,nr,54,55,60,nr,53,59,50,nr,53,nr,nr,45,75,52,57,62,57,53,49,nr,52,46,58,48,59,51,57,nr,nr,47,55,nr,nr,nr,53,nr,nr,57,64,nr,56,43,65,nr
30/01/2020,nr,36,52,34,nr,36,39,37,nr,42,nr,nr,33,35,36,41,40,36,42,37,nr,36,24,34,32,45,48,36,nr,nr,36,38,nr,nr,nr,44,nr,nr,32,40,nr,44,31,41,nr
31/01/2020,nr,61,56,33,nr,63,47,59,nr,50,nr,nr,40,39,39,65,57,57,46,61,nr,49,32,58,42,56,58,71,nr,nr,50,55,nr,nr,nr,56,nr,nr,35,39,nr,63,44,47,nr
01/02/2020,nr,nr,40,44,nr,64,71,59,nr,20,nr,nr,51,51,59,58,62,63,38,54,nr,48,40,54,54,53,64,70,nr,nr,48,68,nr,nr,nr,59,nr,nr,46,57,nr,67,46,51,nr
02/02/2020,nr,nr,54,41,nr,60,58,59,nr,62,nr,nr,42,74,44,74,66,64,43,56,nr,47,37,55,52,70,78,71,nr,nr,59,58,nr,nr,nr,70,nr,nr,48,74,nr,77,51,56,nr
03/02/2020,nr,nr,39,27,nr,33,37,31,nr,37,nr,nr,27,37,31,39,40,38,36,30,nr,32,25,36,26,44,33,34,nr,nr,32,36,nr,nr,nr,40,nr,nr,29,35,nr,38,26,37,nr
04/02/2020,nr,nr,45,27,nr,25,28,23,nr,25,nr,nr,nr,35,26,38,34,28,27,26,nr,30,15,22,22,48,38,26,nr,nr,28,26,nr,nr,nr,42,nr,nr,24,29,nr,36,26,32,nr
05/02/2020,nr,nr,21,16,nr,18,22,19,nr,18,nr,nr,21,22,20,19,19,20,21,16,nr,17,11,nr,17,27,21,21,nr,nr,17,22,nr,nr,nr,23,nr,nr,20,21,nr,21,16,21,nr
06/02/2020,nr,nr,51,38,nr,42,45,45,nr,56,nr,nr,44,44,43,53,50,47,46,10,nr,40,29,nr,41,55,55,46,nr,nr,47,45,nr,nr,nr,54,nr,nr,40,20,nr,46,40,45,nr
07/02/2020,nr,nr,73,64,nr,63,66,62,nr,47,nr,nr,50,71,61,66,71,65,50,54,nr,58,42,63,60,54,55,67,nr,56,59,55,nr,nr,nr,68,nr,nr,61,70,nr,64,46,78,nr
08/02/2020,nr,nr,70,83,nr,75,95,69,nr,54,nr,nr,81,105,94,71,81,84,57,66,nr,70,53,79,79,71,65,84,nr,58,63,95,nr,nr,nr,60,nr,nr,83,109,nr,70,50,103,nr
09/02/2020,nr,nr,65,78,nr,83,92,71,nr,46,nr,nr,57,67,87,90,90,92,59,76,nr,90,74,84,9,62,81,88,nr,74,81,76,nr,nr,nr,61,nr,nr,78,91,nr,79,56,88,nr
10/02/2020,nr,nr,9,91,nr,77,126,65,nr,79,nr,nr,72,117,112,92,107,95,53,62,nr,97,71,83,nr,71,74,86,nr,69,86,101,nr,nr,nr,84,nr,nr,93,112,nr,69,46,112,nr
11/02/2020,nr,nr,67,85,nr,92,113,80,nr,100,nr,nr,72,109,96,96,108,109,60,82,nr,79,72,101,88,83,91,113,nr,97,79,108,nr,nr,nr,90,nr,nr,86,102,nr,91,71,101,nr
12/02/2020,nr,nr,62,13,nr,69,74,63,nr,48,nr,nr,40,83,57,57,63,72,44,60,nr,51,52,29,67,61,52,75,nr,58,49,65,nr,nr,nr,60,nr,nr,57,77,nr,60,42,35,nr
13/02/2020,nr,nr,66,80,nr,86,104,79,nr,80,nr,nr,78,96,86,94,103,99,54,82,nr,81,74,77,57,60,87,106,nr,84,75,109,nr,nr,nr,64,nr,nr,80,105,nr,84,54,88,nr
14/02/2020,nr,nr,74,85,nr,90,95,85,nr,95,nr,nr,74,84,91,106,99,105,79,76,nr,76,67,92,86,71,104,104,nr,115,82,103,nr,nr,nr,79,nr,nr,4,99,nr,129,116,85,nr
15/02/2020,nr,nr,106,62,nr,97,112,90,nr,100,nr,nr,81,88,93,104,98,112,88,84,nr,75,59,104,101,90,102,114,nr,119,79,102,nr,nr,nr,108,nr,nr,98,81,nr,112,108,78,nr
16/02/2020,nr,nr,81,41,nr,66,55,65,nr,73,nr,nr,47,53,48,56,69,61,54,61,nr,38,39,72,49,88,63,67,nr,74,39,55,nr,nr,nr,79,nr,nr,50,52,nr,79,76,46,nr
17/02/2020,nr,nr,nr,66,nr,72,86,68,nr,89,nr,nr,63,59,70,82,80,89,68,77,nr,63,42,81,73,82,82,71,nr,91,65,67,nr,nr,nr,84,nr,nr,80,72,nr,80,81,62,nr
18/02/2020,nr,nr,109,61,nr,93,82,87,nr,86,nr,nr,80,77,76,95,89,88,80,88,nr,72,51,76,82,116,89,32,nr,99,73,68,nr,nr,nr,32,nr,nr,80,81,nr,112,96,76,nr
19/02/2020,nr,nr,104,71,nr,98,112,100,nr,72,nr,nr,108,67,92,81,92,100,99,90,nr,55,61,89,105,125,80,122,nr,104,59,124,nr,nr,nr,131,nr,nr,89,72,nr,110,95,64,nr
20/02/2020,nr,nr,71,47,nr,57,59,57,nr,74,nr,nr,60,60,58,79,75,68,71,64,nr,59,37,67,55,86,72,68,nr,78,64,72,nr,nr,nr,79,nr,nr,62,65,nr,86,85,65,nr
21/02/2020,nr,nr,70,82,nr,96,116,78,nr,90,nr,nr,81,74,27,105,110,115,62,107,nr,81,83,106,87,91,101,108,nr,105,85,114,nr,nr,nr,90,nr,nr,110,107,nr,103,108,75,nr
22/02/2020,nr,nr,105,74,nr,105,119,89,nr,83,nr,nr,83,nr,101,103,101,116,96,106,nr,65,69,119,92,103,91,122,nr,102,68,118,nr,nr,nr,101,nr,nr,93,82,nr,116,104,69,nr
23/02/2020,nr,nr,84,93,nr,109,126,88,nr,109,nr,nr,85,nr,115,109,113,121,80,111,nr,86,93,118,100,103,106,128,nr,121,85,129,nr,nr,nr,101,nr,nr,121,123,nr,106,99,106,nr
24/02/2020,nr,nr,81,66,nr,72,15,61,nr,58,nr,nr,47,nr,66,66,70,73,60,81,nr,62,53,79,54,74,62,78,nr,68,51,64,nr,nr,nr,71,nr,nr,70,82,nr,80,79,97,nr
25/02/2020,nr,nr,50,44,nr,46,56,39,nr,43,nr,nr,39,60,46,53,54,50,43,48,nr,50,34,48,44,53,47,54,nr,51,46,49,nr,nr,nr,50,nr,nr,54,58,nr,51,50,56,nr
26/02/2020,nr,nr,63,45,nr,81,99,69,nr,81,nr,nr,69,49,72,99,100,96,56,93,nr,47,66,91,76,73,82,93,nr,87,60,98,nr,nr,nr,80,nr,nr,75,60,nr,89,97,49,nr
27/02/2020,nr,nr,65,79,nr,68,92,59,nr,58,nr,nr,64,94,83,78,81,85,55,75,nr,74,76,82,65,67,58,85,nr,58,65,87,nr,nr,nr,62,nr,nr,96,106,nr,62,71,91,nr
28/02/2020,nr,nr,107,62,nr,109,110,96,nr,91,nr,nr,114,77,85,104,105,122,94,123,nr,69,78,115,88,117,111,133,nr,129,74,89,nr,nr,nr,128,nr,nr,79,82,nr,136,132,68,nr
29/02/2020,nr,nr,85,61,nr,75,78,68,nr,73,nr,nr,96,84,nr,94,106,86,78,105,nr,62,67,90,64,96,90,93,nr,87,68,73,nr,nr,nr,90,nr,nr,68,87,nr,96,115,77,nr
01/03/2020,nr,99,93,54,nr,84,103,73,nr,74,nr,nr,101,91,90,112,107,95,63,96,nr,78,79,94,80,90,88,101,nr,84,73,74,nr,nr,nr,92,nr,nr,93,78,nr,96,105,75,nr
02/03/2020,nr,77,63,62,nr,68,80,53,nr,64,nr,nr,nr,85,62,73,77,84,55,74,nr,63,51,77,52,62,61,79,nr,66,62,45,nr,nr,nr,59,nr,nr,73,85,nr,67,69,71,nr
03/03/2020,nr,50,48,37,nr,41,44,45,nr,46,nr,nr,nr,57,40,46,46,39,44,44,nr,44,30,45,43,65,44,47,nr,48,34,36,nr,nr,nr,48,nr,nr,45,48,nr,48,47,49,nr
04/03/2020,nr,79,71,54,nr,62,83,75,nr,63,nr,nr,62,84,73,82,87,74,55,67,nr,76,67,71,80,75,58,80,nr,70,60,44,nr,nr,nr,63,nr,nr,77,86,nr,66,69,87,nr
05/03/2020,nr,131,76,98,nr,108,116,129,nr,92,nr,nr,135,100,102,109,115,123,66,117,nr,87,22,118,118,92,97,127,nr,98,77,92,nr,nr,nr,96,nr,nr,109,116,nr,107,111,107,nr
06/03/2020,nr,99,100,47,nr,73,59,92,nr,75,nr,nr,88,52,57,80,79,79,67,82,nr,49,57,72,76,107,82,89,nr,91,50,7,nr,nr,nr,104,nr,nr,49,58,nr,95,90,50,nr
07/03/2020,nr,108,93,51,nr,93,92,116,nr,82,nr,nr,82,70,58,88,98,103,75,103,nr,59,81,103,92,105,84,107,nr,93,57,80,nr,nr,nr,94,nr,nr,57,75,nr,98,85,69,nr
08/03/2020,nr,107,85,59,nr,88,106,105,nr,97,nr,nr,106,67,79,89,87,96,74,98,nr,61,66,95,102,104,96,101,nr,126,58,94,nr,nr,nr,97,nr,nr,73,72,nr,99,115,63,nr
09/03/2020,nr,98,76,83,nr,80,86,97,nr,83,nr,nr,102,72,75,99,94,67,65,78,nr,64,74,74,97,85,83,95,nr,102,67,90,nr,nr,nr,82,nr,nr,85,100,nr,106,104,67,nr
10/03/2020,nr,125,101,59,nr,107,98,127,nr,nr,nr,nr,117,70,67,107,126,122,107,129,nr,58,97,119,99,108,113,123,nr,111,61,102,nr,nr,nr,113,nr,nr,68,73,nr,131,134,65,nr
11/03/2020,nr,86,86,51,nr,74,61,88,nr,nr,nr,nr,73,59,52,71,70,76,65,78,nr,55,43,70,70,96,69,83,nr,77,55,64,nr,nr,nr,91,nr,nr,52,58,nr,91,73,58,nr
12/03/2020,nr,124,54,60,nr,108,103,129,nr,nr,nr,nr,97,75,69,89,89,119,86,103,nr,65,80,105,108,107,88,121,nr,99,67,96,nr,nr,nr,100,nr,nr,66,74,nr,108,100,74,nr
13/03/2020,nr,106,98,54,nr,75,84,93,nr,nr,nr,nr,102,72,69,79,74,79,88,84,nr,59,56,75,92,98,79,96,nr,89,59,92,nr,nr,nr,92,nr,nr,7,74,nr,92,89,72,nr
14/03/2020,nr,102,89,70,nr,86,96,108,nr,nr,nr,nr,83,74,69,96,97,102,69,99,nr,74,66,99,97,102,91,104,nr,103,70,88,nr,nr,nr,100,nr,nr,85,79,nr,108,102,75,nr
15/03/2020,nr,93,89,53,nr,78,97,93,nr,nr,nr,nr,82,65,74,67,89,102,62,84,nr,47,72,85,105,92,73,91,nr,82,50,79,nr,nr,nr,101,nr,nr,64,62,nr,93,19,55,nr
16/03/2020,nr,71,64,50,nr,66,84,73,nr,nr,nr,nr,77,68,68,69,62,72,61,68,nr,54,52,68,81,85,70,69,nr,82,55,64,nr,nr,nr,77,nr,nr,65,60,nr,74,76,59,nr
17/03/2020,nr,94,74,49,nr,84,90,100,nr,nr,nr,nr,81,60,51,70,73,99,70,81,nr,54,53,86,107,79,64,88,nr,75,51,75,nr,nr,nr,73,nr,nr,57,62,nr,78,71,57,nr
18/03/2020,nr,97,89,57,nr,86,111,103,nr,nr,nr,nr,117,76,97,86,78,93,83,86,nr,63,56,82,107,99,81,90,nr,89,63,40,nr,nr,nr,92,nr,nr,89,77,nr,93,83,74,nr
19/03/2020,nr,123,92,55,nr,95,103,122,nr,nr,nr,nr,117,67,81,86,86,115,79,98,nr,59,60,95,112,113,86,118,nr,97,62,nr,nr,nr,nr,121,nr,nr,71,66,nr,124,106,71,nr
20/03/2020,nr,99,94,50,nr,75,72,94,nr,nr,nr,nr,91,65,66,76,72,77,76,75,nr,60,53,71,83,92,74,90,nr,84,60,nr,nr,nr,nr,85,nr,nr,59,67,nr,85,79,64,nr
21/03/2020,nr,102,93,53,nr,86,82,101,nr,nr,nr,nr,112,59,77,72,67,89,85,93,nr,51,45,79,99,101,81,98,nr,89,54,nr,nr,nr,nr,108,nr,nr,70,69,nr,98,95,59,nr
22/03/2020,nr,111,108,62,nr,96,97,111,nr,nr,nr,nr,85,72,73,86,93,111,79,100,nr,63,79,100,99,96,80,107,nr,93,68,nr,nr,nr,nr,93,nr,nr,69,nr,nr,99,89,74,nr
23/03/2020,nr,109,94,66,nr,88,83,100,nr,nr,nr,nr,97,73,81,86,85,88,80,87,nr,70,58,86,92,110,85,101,nr,98,71,nr,nr,nr,nr,103,nr,nr,73,nr,nr,100,94,80,nr
24/03/2020,nr,104,102,57,nr,87,80,101,nr,nr,nr,nr,91,66,74,81,90,88,78,93,nr,61,56,79,92,123,82,100,nr,91,62,nr,nr,nr,nr,121,nr,nr,67,nr,nr,108,102,33,nr
25/03/2020,nr,134,92,77,nr,119,122,139,nr,nr,nr,nr,130,81,113,109,118,123,87,122,nr,98,82,119,121,90,113,132,nr,126,98,nr,nr,nr,nr,96,nr,nr,100,nr,nr,136,129,93,nr
26/03/2020,nr,98,71,70,nr,76,89,88,nr,nr,nr,nr,90,75,76,93,94,87,83,85,nr,83,73,85,81,82,82,81,nr,94,79,nr,nr,nr,nr,95,nr,nr,78,nr,nr,100,99,79,nr
27/03/2020,nr,71,55,56,nr,67,71,92,nr,nr,nr,nr,83,91,70,67,64,73,56,62,nr,65,59,60,80,59,62,79,nr,60,60,nr,nr,nr,nr,54,nr,nr,65,nr,nr,78,58,75,nr
28/03/2020,nr,98,74,75,nr,98,116,107,nr,nr,nr,nr,110,106,96,96,99,116,70,102,nr,83,71,109,114,70,92,104,nr,92,80,nr,nr,nr,nr,71,nr,nr,97,nr,nr,98,107,97,nr
29/03/2020,nr,116,92,73,nr,101,111,124,nr,nr,nr,nr,114,91,90,108,110,115,92,120,nr,86,82,122,113,98,108,118,nr,133,84,nr,nr,nr,nr,102,nr,nr,93,nr,nr,109,126,98,nr
30/03/2020,nr,116,81,71,nr,115,112,126,nr,nr,nr,nr,113,74,104,91,101,114,102,120,nr,65,63,108,135,113,95,122,nr,107,69,nr,nr,nr,nr,118,nr,nr,93,nr,nr,121,114,79,nr
31/03/2020,nr,87,94,51,nr,69,71,81,nr,nr,nr,nr,81,69,67,68,68,70,78,72,nr,54,49,68,76,105,68,80,nr,78,54,nr,nr,nr,nr,91,nr,nr,66,nr,nr,81,80,72,nr
01/04/2020,nr,104,76,64,nr,97,106,108,nr,nr,nr,nr,100,75,91,95,101,105,72,105,nr,70,77,96,106,68,88,108,nr,122,79,nr,nr,nr,nr,76,nr,nr,92,nr,nr,119,115,nr,nr
02/04/2020,nr,96,90,63,nr,95,114,98,nr,nr,nr,nr,87,66,78,108,117,103,67,111,nr,69,72,103,94,93,99,96,nr,99,71,nr,nr,nr,nr,104,nr,nr,92,nr,nr,119,118,33,nr
03/04/2020,nr,107,71,76,nr,86,99,104,nr,nr,nr,nr,111,76,94,88,86,100,65,93,nr,67,69,78,102,88,82,102,nr,87,67,110,nr,nr,nr,83,nr,nr,85,nr,nr,89,88,85,nr
04/04/2020,nr,87,71,78,nr,83,132,93,nr,nr,nr,nr,90,102,105,nr,117,114,52,99,nr,69,84,121,104,85,94,90,nr,90,71,96,nr,nr,nr,80,nr,nr,99,nr,nr,80,105,98,nr
05/04/2020,nr,105,66,69,nr,77,89,99,nr,nr,nr,nr,110,89,85,nr,86,88,52,76,nr,59,65,81,98,74,78,98,nr,85,61,112,nr,nr,nr,69,nr,nr,79,nr,nr,81,83,79,nr
06/04/2020,nr,95,62,80,nr,93,105,99,nr,nr,nr,nr,97,85,91,nr,89,104,47,100,nr,73,75,101,108,60,79,96,nr,79,65,41,nr,nr,nr,56,nr,nr,87,nr,nr,82,94,91,nr
07/04/2020,nr,92,64,68,nr,78,98,96,nr,nr,nr,nr,88,99,76,96,91,92,58,89,nr,78,66,92,96,76,87,88,nr,106,80,93,nr,nr,nr,72,nr,nr,80,nr,nr,84,105,98,nr
08/04/2020,nr,103,86,56,nr,90,102,103,nr,nr,nr,nr,127,89,94,90,91,102,75,101,nr,72,69,106,107,91,81,100,nr,99,73,60,nr,nr,nr,89,nr,nr,89,nr,nr,97,103,87,nr
09/04/2020,nr,103,73,83,nr,93,114,110,nr,nr,nr,nr,116,85,100,98,103,119,65,112,nr,85,91,113,114,74,98,107,nr,102,79,116,nr,nr,nr,74,nr,nr,97,nr,nr,104,121,92,nr
10/04/2020,nr,92,82,71,nr,79,96,91,nr,nr,nr,nr,86,81,80,94,93,96,61,96,nr,77,79,101,88,89,86,86,nr,99,75,87,nr,nr,nr,92,nr,nr,79,nr,nr,93,98,95,nr
11/04/2020,nr,82,63,52,nr,71,84,85,nr,nr,nr,nr,75,90,66,76,87,88,55,79,nr,72,62,83,80,69,68,81,nr,66,70,84,nr,nr,nr,62,nr,nr,74,nr,nr,63,75,89,nr
12/04/2020,nr,61,56,38,nr,48,56,56,nr,nr,nr,nr,50,58,46,56,56,51,50,55,nr,46,39,59,57,58,52,51,nr,57,47,55,nr,nr,nr,55,nr,nr,54,nr,nr,56,56,60,nr
13/04/2020,nr,100,73,72,nr,92,119,104,nr,nr,nr,nr,98,86,90,109,115,111,58,101,nr,96,94,112,116,73,90,103,nr,95,90,118,nr,nr,nr,86,nr,nr,98,nr,nr,97,104,91,nr
14/04/2020,nr,70,67,67,nr,63,78,74,nr,nr,nr,nr,65,103,68,67,75,74,57,66,nr,58,57,74,73,72,62,71,nr,72,55,77,nr,nr,nr,67,nr,nr,69,nr,nr,69,70,86,nr
15/04/2020,nr,94,77,100,nr,94,121,96,nr,nr,nr,nr,115,128,105,104,108,120,58,105,nr,83,95,116,115,72,81,97,nr,78,82,115,nr,nr,nr,70,nr,nr,107,nr,nr,78,97,121,nr
16/04/2020,nr,94,77,93,nr,88,124,107,nr,nr,nr,nr,112,110,103,100,109,115,78,101,nr,68,90,115,116,73,83,97,nr,79,72,114,nr,nr,nr,75,nr,nr,106,nr,nr,88,91,94,nr
17/04/2020,nr,118,91,91,nr,116,137,121,nr,nr,nr,nr,113,96,107,109,116,137,83,131,nr,82,96,136,127,114,102,117,nr,120,86,121,nr,nr,nr,106,nr,nr,113,nr,nr,116,120,106,nr
18/04/2020,nr,128,102,72,nr,106,133,133,nr,nr,nr,nr,124,89,100,111,116,150,87,132,nr,70,89,146,134,115,90,127,nr,106,82,134,nr,nr,nr,109,nr,nr,99,nr,nr,111,118,90,nr
19/04/2020,nr,119,86,70,nr,103,123,118,nr,nr,nr,nr,nr,75,98,113,117,123,66,109,nr,86,98,117,126,89,89,110,nr,96,98,122,nr,nr,nr,87,nr,nr,96,nr,nr,99,104,85,nr
20/04/2020,nr,114,108,74,nr,98,102,117,nr,nr,nr,nr,nr,74,80,94,93,107,84,106,nr,65,69,101,102,105,90,107,nr,97,73,111,nr,nr,nr,102,nr,nr,82,nr,nr,120,103,74,nr
21/04/2020,nr,100,70,83,nr,108,117,131,nr,nr,nr,nr,122,78,111,98,104,115,67,119,nr,71,80,114,119,81,107,122,nr,121,75,122,nr,nr,nr,79,nr,nr,99,nr,nr,124,133,80,nr
22/04/2020,nr,132,86,101,nr,104,115,126,nr,nr,nr,nr,100,105,102,125,127,114,74,111,nr,94,98,122,117,88,114,125,nr,129,116,132,nr,nr,nr,84,nr,nr,104,nr,nr,103,118,106,nr
23/04/2020,nr,113,98,74,nr,93,100,112,nr,nr,nr,nr,110,75,75,110,97,108,71,100,nr,80,64,103,110,99,93,108,nr,102,97,116,nr,nr,nr,104,nr,nr,77,nr,nr,109,105,84,nr
24/04/2020,nr,106,80,95,nr,90,109,107,nr,nr,nr,nr,105,88,90,106,120,106,71,100,nr,90,95,99,102,81,102,104,nr,115,89,105,nr,nr,nr,116,nr,nr,103,nr,nr,106,111,101,nr
25/04/2020,nr,82,73,90,nr,77,106,87,nr,nr,nr,nr,96,77,96,86,90,95,59,87,nr,76,74,96,88,66,79,80,nr,87,74,88,nr,nr,nr,67,nr,nr,95,nr,nr,98,89,90,nr
26/04/2020,nr,89,83,62,nr,73,83,87,nr,nr,nr,nr,84,68,72,69,70,82,75,78,nr,57,56,78,87,nr,66,81,nr,79,61,86,nr,nr,nr,82,nr,nr,71,nr,nr,81,79,69,nr
27/04/2020,nr,115,107,70,nr,91,84,103,nr,nr,nr,nr,89,72,74,83,82,95,86,89,nr,67,61,86,98,nr,79,101,nr,84,72,96,nr,nr,nr,85,nr,nr,70,nr,nr,89,88,75,nr
28/04/2020,nr,100,98,65,nr,80,80,100,nr,nr,nr,nr,93,76,74,81,84,85,82,96,nr,60,58,90,89,nr,76,90,nr,87,67,97,nr,nr,nr,93,nr,nr,70,nr,nr,99,100,74,nr
29/04/2020,nr,96,90,60,nr,87,83,100,nr,nr,nr,nr,79,69,68,90,102,90,66,114,nr,64,60,109,88,nr,91,91,nr,107,69,83,nr,nr,nr,108,nr,nr,68,nr,nr,107,122,78,nr
30/04/2020,nr,105,85,68,nr,89,91,106,nr,nr,nr,nr,95,72,73,95,101,101,84,103,nr,61,73,111,91,nr,87,95,nr,91,68,94,nr,nr,nr,86,nr,nr,71,nr,nr,104,110,76,nr
01/05/2020,nr,98,61,64,nr,85,101,101,nr,82,nr,nr,80,69,74,108,105,95,63,104,nr,63,81,97,92,nr,103,96,nr,119,74,87,nr,nr,nr,103,nr,nr,74,nr,nr,100,110,73,nr
02/05/2020,nr,109,99,67,nr,80,90,98,nr,80,nr,nr,108,81,78,90,83,96,86,90,nr,69,56,83,96,nr,83,98,nr,97,77,110,nr,nr,nr,99,nr,nr,71,nr,nr,97,99,86,nr
03/05/2020,nr,98,93,67,nr,84,81,96,nr,80,nr,nr,88,74,76,98,100,87,84,96,nr,65,59,94,89,nr,89,93,nr,96,67,92,nr,nr,nr,91,nr,nr,73,nr,nr,96,103,75,nr
04/05/2020,nr,87,85,66,nr,72,77,84,nr,71,nr,nr,90,76,72,86,81,77,90,78,nr,63,58,80,81,nr,71,82,nr,82,65,91,nr,nr,nr,84,nr,nr,68,nr,nr,88,90,74,nr
05/05/2020,nr,97,102,65,nr,81,79,99,nr,72,nr,nr,83,68,69,81,83,91,77,94,nr,59,56,89,82,nr,78,89,nr,94,63,83,nr,nr,nr,104,nr,nr,62,nr,nr,100,96,71,nr
06/05/2020,nr,125,98,69,nr,101,108,52,nr,70,nr,nr,117,20,89,81,86,110,91,102,nr,65,70,99,119,nr,74,117,nr,87,33,122,nr,nr,nr,93,nr,nr,79,nr,nr,98,92,74,nr
07/05/2020,nr,69,nr,60,nr,46,82,71,nr,77,nr,nr,63,68,69,93,87,78,54,83,nr,58,66,77,73,nr,80,64,nr,87,72,81,nr,nr,nr,82,nr,nr,67,nr,nr,70,80,68,nr
08/05/2020,nr,86,nr,64,nr,75,95,89,nr,105,nr,nr,72,73,74,106,100,97,65,99,nr,74,65,100,82,nr,97,83,nr,120,89,77,nr,nr,nr,112,nr,nr,72,nr,nr,95,107,85,nr
09/05/2020,nr,95,nr,66,nr,80,107,98,nr,84,nr,nr,92,70,77,107,103,100,68,97,nr,68,71,101,96,nr,86,97,nr,101,81,103,nr,nr,nr,87,nr,nr,80,nr,nr,98,101,81,nr
10/05/2020,nr,109,nr,66,nr,89,98,107,nr,79,nr,nr,95,74,75,84,91,105,80,96,nr,65,77,98,97,nr,81,108,nr,94,74,102,nr,nr,nr,89,nr,nr,67,nr,nr,95,98,74,nr
11/05/2020,nr,105,nr,70,nr,92,89,103,nr,84,nr,nr,103,77,77,95,92,99,71,101,nr,65,71,101,110,nr,83,95,nr,103,72,105,nr,nr,nr,99,nr,nr,77,nr,nr,97,109,79,nr
12/05/2020,nr,102,nr,79,nr,91,91,97,nr,117,nr,nr,58,81,76,113,110,98,68,103,nr,90,86,114,82,nr,110,98,nr,118,106,82,nr,nr,nr,74,nr,nr,84,nr,nr,109,122,101,nr
13/05/2020,nr,84,nr,97,nr,68,94,79,nr,77,nr,nr,97,124,90,95,88,97,66,86,nr,82,74,86,84,nr,77,80,nr,86,66,96,nr,nr,nr,73,nr,nr,89,nr,nr,81,96,106,nr
14/05/2020,nr,90,nr,97,nr,84,113,95,nr,98,nr,nr,100,107,101,115,114,109,69,117,nr,95,90,114,104,nr,107,97,nr,122,103,107,nr,nr,nr,85,nr,nr,94,nr,nr,97,124,113,nr
15/05/2020,nr,90,nr,90,nr,77,95,90,nr,72,nr,nr,89,113,87,99,102,95,67,86,nr,83,81,95,95,nr,78,88,nr,80,90,96,nr,nr,nr,80,nr,nr,86,nr,nr,82,83,120,nr
16/05/2020,nr,77,nr,62,nr,63,67,72,nr,67,nr,nr,66,66,62,82,81,76,59,75,nr,74,59,75,68,nr,67,72,nr,77,81,70,nr,nr,nr,77,nr,nr,65,nr,nr,74,81,88,nr
17/05/2020,nr,94,nr,73,nr,79,93,92,nr,75,nr,nr,96,81,86,83,85,96,82,95,nr,68,70,94,98,nr,78,92,nr,91,69,98,nr,nr,nr,78,nr,nr,76,nr,nr,86,97,83,nr
18/05/2020,nr,117,nr,71,nr,86,108,108,nr,80,nr,nr,104,77,82,94,97,104,87,94,nr,66,72,99,115,nr,82,112,nr,105,79,115,nr,nr,nr,118,nr,nr,72,nr,nr,101,102,80,nr
19/05/2020,nr,nr,nr,80,nr,103,106,120,nr,88,nr,nr,101,87,94,101,110,118,86,113,nr,80,77,111,117,nr,87,120,nr,97,82,111,nr,nr,nr,87,nr,nr,84,nr,nr,110,107,86,nr
20/05/2020,nr,nr,nr,76,nr,89,102,108,nr,91,nr,nr,96,85,78,98,97,101,96,111,nr,76,70,104,107,nr,90,102,nr,113,81,104,nr,nr,nr,120,nr,nr,77,nr,nr,127,124,90,nr
21/05/2020,nr,nr,nr,90,nr,115,136,125,nr,89,nr,nr,128,95,121,118,127,128,92,134,nr,90,102,121,137,nr,106,127,nr,118,99,128,nr,nr,nr,92,nr,nr,112,nr,nr,108,132,105,nr
22/05/2020,nr,nr,nr,64,nr,101,110,120,nr,110,nr,nr,99,70,88,117,113,119,75,119,nr,80,80,115,120,nr,113,118,nr,126,92,119,nr,nr,nr,104,nr,nr,75,nr,nr,120,127,76,nr
23/05/2020,nr,nr,nr,75,nr,87,111,116,nr,85,nr,nr,117,80,79,94,103,114,68,108,nr,86,83,109,113,nr,86,119,nr,98,86,122,nr,nr,nr,86,nr,nr,86,nr,nr,103,93,84,nr
24/05/2020,nr,nr,nr,85,nr,76,104,nr,nr,83,nr,nr,nr,97,90,104,107,97,62,98,nr,86,82,103,96,nr,89,89,nr,87,87,101,nr,nr,nr,73,nr,nr,88,nr,nr,94,98,109,nr
25/05/2020,nr,nr,nr,105,nr,93,104,nr,nr,91,nr,nr,89,109,93,106,110,106,94,103,nr,94,82,106,98,nr,77,96,nr,83,97,94,nr,nr,nr,82,nr,nr,93,nr,nr,99,97,111,nr
26/05/2020,nr,nr,nr,114,nr,93,128,nr,nr,81,nr,nr,109,124,119,103,113,117,81,112,nr,86,95,110,119,nr,77,106,nr,92,83,114,nr,nr,nr,87,nr,nr,106,nr,nr,91,100,119,nr
27/05/2020,nr,nr,nr,88,nr,106,133,nr,nr,102,nr,nr,130,89,105,109,118,132,112,111,nr,81,91,122,147,nr,88,126,nr,104,89,146,nr,nr,nr,90,nr,nr,92,nr,nr,113,105,94,nr
28/05/2020,nr,nr,nr,86,nr,92,105,122,nr,94,nr,nr,111,90,40,96,97,107,93,115,nr,72,75,108,113,nr,91,117,nr,101,79,117,nr,nr,nr,99,nr,nr,84,nr,nr,120,119,92,nr
29/05/2020,nr,nr,nr,60,nr,73,77,91,nr,66,nr,nr,87,64,68,74,73,85,72,82,nr,53,53,77,84,nr,71,85,nr,84,60,91,nr,nr,nr,86,nr,nr,59,nr,nr,91,89,67,nr
30/05/2020,nr,nr,nr,47,nr,60,64,77,nr,57,nr,nr,75,54,56,61,62,69,66,69,nr,45,nr,65,71,nr,58,73,nr,70,49,81,nr,nr,nr,74,nr,nr,48,nr,nr,74,71,56,nr
31/05/2020,nr,nr,nr,59,nr,86,85,106,nr,63,nr,nr,80,63,67,76,83,95,54,98,nr,55,nr,99,81,nr,66,94,nr,78,62,82,nr,nr,nr,81,nr,nr,60,nr,nr,94,88,65,nr
01/06/2020,nr,nr,nr,67,nr,57,82,93,nr,59,nr,nr,80,72,71,78,77,86,70,91,nr,57,nr,81,84,nr,71,89,nr,88,63,87,nr,nr,nr,105,nr,nr,67,nr,nr,104,91,69,nr
02/06/2020,nr,nr,nr,55,nr,nr,43,80,nr,53,nr,nr,80,50,63,65,72,75,67,88,nr,46,nr,77,77,nr,63,80,nr,72,51,84,nr,nr,nr,84,nr,nr,56,nr,nr,99,88,55,nr
03/06/2020,nr,nr,nr,28,nr,nr,26,35,nr,29,nr,nr,37,28,26,32,32,33,31,33,nr,22,nr,28,33,nr,29,34,nr,34,25,36,nr,nr,nr,35,nr,nr,25,nr,nr,40,34,26,nr
04/06/2020,nr,nr,nr,45,nr,54,52,69,nr,52,nr,nr,65,41,50,50,18,58,59,59,nr,41,nr,51,63,nr,43,70,nr,46,41,69,nr,nr,nr,50,nr,nr,26,nr,nr,62,54,44,nr
05/06/2020,nr,nr,nr,58,nr,70,66,86,nr,60,nr,nr,79,53,63,67,nr,76,75,75,nr,47,nr,64,74,nr,65,84,nr,75,54,81,nr,nr,nr,87,nr,nr,53,nr,nr,nr,80,54,nr
06/06/2020,nr,nr,nr,56,nr,72,68,82,nr,70,nr,nr,77,70,61,73,nr,85,65,87,nr,52,nr,89,70,nr,68,79,nr,73,54,80,nr,nr,nr,78,nr,nr,53,nr,nr,97,96,61,nr
07/06/2020,nr,nr,nr,59,nr,71,86,81,nr,59,nr,nr,67,76,73,75,nr,83,52,78,nr,69,nr,81,79,nr,65,82,nr,67,70,76,nr,nr,nr,64,nr,nr,68,nr,nr,80,78,74,nr
08/06/2020,nr,nr,nr,84,nr,88,104,97,nr,66,nr,nr,102,84,85,93,nr,100,56,92,nr,78,nr,84,99,nr,73,100,nr,76,83,108,nr,nr,nr,75,nr,nr,75,nr,nr,76,79,90,nr
09/06/2020,nr,nr,nr,98,nr,104,86,125,nr,92,nr,nr,109,85,125,98,nr,115,94,127,nr,80,nr,126,119,nr,84,114,nr,104,96,110,nr,nr,nr,106,nr,nr,106,nr,nr,122,130,93,nr
10/06/2020,nr,nr,nr,48,nr,68,68,86,nr,58,nr,nr,84,63,68,66,nr,73,83,71,nr,51,nr,67,74,nr,60,87,nr,68,56,86,nr,nr,nr,75,nr,nr,58,nr,nr,78,71,51,nr
11/06/2020,nr,nr,nr,47,nr,55,53,70,nr,32,nr,nr,63,49,51,57,nr,60,57,64,nr,40,nr,56,61,nr,56,68,nr,63,45,67,nr,nr,nr,84,nr,nr,44,nr,nr,72,69,49,nr
12/06/2020,nr,nr,nr,40,nr,46,46,54,nr,43,nr,nr,53,42,44,48,nr,52,53,48,nr,40,nr,46,50,nr,42,56,nr,45,41,56,nr,nr,nr,48,nr,nr,38,nr,nr,52,47,43,nr
13/06/2020,nr,nr,nr,51,nr,78,73,79,nr,62,nr,nr,64,50,57,61,nr,90,68,94,nr,48,nr,89,67,nr,57,76,nr,61,51,65,nr,nr,nr,78,nr,nr,45,nr,nr,101,83,56,nr
14/06/2020,nr,nr,nr,68,nr,71,78,80,nr,74,nr,nr,83,66,75,85,nr,77,79,101,nr,62,nr,94,79,nr,79,83,nr,90,66,84,nr,nr,nr,93,nr,nr,62,nr,nr,98,106,66,nr
15/06/2020,nr,nr,nr,79,nr,79,83,89,nr,79,nr,nr,85,74,81,100,nr,90,82,101,nr,66,nr,91,86,nr,90,89,nr,104,68,86,nr,nr,nr,106,nr,nr,70,nr,nr,107,112,72,nr
16/06/2020,nr,nr,nr,86,nr,93,89,116,nr,88,nr,nr,107,79,81,93,nr,107,106,120,nr,66,nr,121,98,nr,85,116,nr,90,70,107,nr,nr,nr,104,nr,nr,67,nr,nr,113,109,80,nr
17/06/2020,nr,nr,nr,71,nr,95,84,112,nr,81,nr,nr,87,77,72,89,nr,103,82,117,nr,64,nr,109,90,nr,85,108,nr,95,69,93,nr,nr,nr,97,nr,nr,64,nr,nr,nr,115,80,nr
18/06/2020,nr,nr,nr,56,nr,66,66,82,nr,65,nr,nr,75,58,62,73,nr,78,69,91,nr,53,nr,80,68,nr,64,77,nr,72,58,75,nr,nr,nr,80,nr,nr,51,nr,nr,nr,88,62,nr
19/06/2020,nr,nr,nr,61,nr,88,98,109,nr,nr,nr,nr,77,58,68,74,nr,96,76,85,nr,54,nr,91,117,nr,74,122,nr,83,61,93,nr,nr,nr,100,nr,nr,60,nr,nr,nr,86,67,nr
20/06/2020,nr,nr,nr,61,nr,75,71,91,nr,nr,nr,nr,74,66,63,73,nr,80,71,96,nr,52,nr,88,74,nr,73,nr,nr,87,59,76,nr,nr,nr,105,nr,nr,53,nr,nr,114,106,64,nr
21/06/2020,nr,nr,nr,64,nr,86,104,91,nr,nr,nr,nr,109,74,85,79,nr,92,66,30,nr,66,nr,87,103,nr,63,94,nr,75,73,108,nr,nr,nr,71,nr,nr,67,nr,nr,77,81,70,nr
22/06/2020,nr,nr,nr,60,nr,78,69,91,nr,nr,nr,nr,74,73,56,69,nr,89,40,87,nr,60,nr,83,83,nr,77,84,nr,75,66,77,nr,nr,nr,61,nr,nr,53,nr,nr,96,95,73,nr
23/06/2020,nr,nr,nr,65,nr,87,85,94,nr,nr,nr,nr,84,65,68,18,nr,95,53,12,nr,58,nr,12,87,nr,31,nr,nr,84,61,92,nr,nr,nr,21,nr,nr,58,nr,nr,100,82,68,nr
24/06/2020,nr,nr,nr,83,nr,42,76,nr,nr,35,nr,nr,46,83,67,72,nr,58,28,53,nr,74,nr,61,51,nr,53,49,nr,48,74,47,nr,nr,nr,39,nr,nr,76,nr,nr,47,55,95,nr
25/06/2020,nr,nr,nr,49,nr,33,43,42,nr,41,nr,nr,43,54,40,50,nr,41,27,35,nr,38,nr,40,38,nr,37,44,nr,30,39,43,nr,nr,nr,29,nr,nr,42,nr,nr,36,32,53,nr
26/06/2020,nr,nr,nr,68,nr,54,75,54,nr,62,nr,nr,51,57,66,69,nr,74,35,60,nr,53,nr,78,67,nr,66,45,nr,67,63,51,nr,nr,nr,44,nr,nr,63,nr,nr,50,64,66,nr
27/06/2020,nr,nr,nr,94,nr,100,104,116,nr,79,nr,nr,107,76,103,89,nr,96,69,100,nr,69,nr,91,99,nr,82,112,nr,106,75,111,nr,nr,nr,72,nr,nr,88,nr,nr,104,109,79,nr
28/06/2020,nr,nr,nr,84,nr,81,81,89,nr,65,nr,nr,91,68,82,68,nr,87,63,85,nr,68,nr,81,90,nr,77,85,nr,74,58,89,nr,nr,nr,51,nr,nr,74,nr,nr,74,81,71,nr
29/06/2020,nr,nr,nr,69,nr,74,77,94,nr,68,nr,nr,86,71,71,76,nr,81,14,78,nr,60,nr,74,81,nr,67,93,nr,77,65,88,nr,nr,nr,72,nr,nr,61,nr,nr,82,79,72,nr
30/06/2020,nr,nr,nr,98,nr,105,118,125,nr,77,nr,nr,131,75,105,78,nr,110,89,104,nr,73,nr,96,116,nr,81,124,nr,92,69,133,nr,nr,nr,78,nr,nr,87,nr,nr,99,97,80,nr
01/07/2020,nr,nr,nr,67,nr,75,80,87,nr,60,nr,nr,95,62,78,66,nr,78,75,74,nr,55,nr,75,86,nr,61,92,nr,68,55,96,nr,nr,nr,52,nr,nr,66,nr,nr,75,72,64,nr
02/07/2020,nr,nr,nr,80,nr,94,92,118,nr,77,nr,nr,112,70,87,88,nr,92,100,91,nr,65,nr,88,103,nr,75,115,nr,90,70,115,nr,nr,nr,98,nr,nr,74,nr,nr,110,89,70,nr
03/07/2020,nr,nr,nr,64,nr,75,71,93,nr,70,nr,nr,93,60,71,68,nr,77,83,74,nr,53,nr,75,80,nr,65,90,nr,76,52,92,nr,nr,nr,91,nr,nr,59,nr,nr,85,72,61,nr
04/07/2020,nr,nr,nr,74,nr,90,102,104,nr,71,nr,nr,103,66,84,80,nr,97,73,86,nr,61,nr,87,101,nr,71,100,nr,85,68,101,nr,nr,nr,88,nr,nr,67,nr,nr,98,85,72,nr
05/07/2020,nr,nr,nr,92,nr,81,97,84,nr,59,nr,nr,99,71,90,88,nr,103,43,87,nr,60,nr,96,107,nr,71,81,nr,64,74,101,nr,nr,nr,48,nr,nr,77,nr,nr,62,78,89,nr
06/07/2020,nr,nr,nr,75,nr,92,102,102,nr,76,nr,nr,97,63,83,75,nr,106,64,87,nr,77,nr,89,98,nr,78,93,nr,97,64,101,nr,nr,nr,74,nr,nr,71,nr,nr,58,98,75,nr
07/07/2020,nr,nr,nr,73,nr,49,69,59,nr,45,nr,nr,57,63,57,55,nr,55,38,48,nr,52,nr,65,57,nr,56,56,nr,51,47,57,nr,nr,nr,40,nr,nr,60,nr,nr,45,50,61,nr
08/07/2020,nr,nr,nr,53,nr,39,44,40,nr,32,nr,nr,35,53,38,40,nr,45,27,40,nr,37,nr,45,43,nr,26,38,nr,35,39,41,nr,nr,nr,34,nr,nr,41,nr,nr,38,39,37,nr
09/07/2020,nr,nr,nr,75,nr,73,83,99,nr,43,nr,nr,102,52,83,69,nr,93,51,74,nr,55,nr,88,91,nr,57,98,nr,69,56,91,nr,nr,nr,87,nr,nr,72,nr,nr,113,76,nr,nr
10/07/2020,nr,nr,nr,56,nr,86,73,109,nr,66,nr,nr,97,60,66,67,nr,81,97,88,nr,54,nr,84,97,nr,66,102,nr,77,60,96,nr,nr,nr,84,nr,nr,56,nr,nr,97,88,65,nr
11/07/2020,nr,nr,nr,44,nr,70,64,81,nr,69,nr,nr,64,42,55,68,nr,67,54,79,nr,41,nr,67,62,nr,68,74,nr,87,44,62,nr,nr,nr,87,nr,nr,49,nr,nr,81,85,42,nr
12/07/2020,nr,nr,nr,59,nr,72,76,82,nr,65,nr,nr,84,51,68,62,nr,76,54,70,nr,52,nr,68,77,nr,65,81,nr,79,58,85,nr,nr,nr,66,nr,nr,59,nr,nr,73,81,51,nr
13/07/2020,nr,nr,nr,75,nr,87,78,106,nr,73,nr,nr,93,3,74,78,nr,85,90,83,nr,65,nr,78,89,nr,69,103,nr,80,68,96,nr,nr,nr,81,nr,nr,63,nr,nr,88,82,74,nr
14/07/2020,nr,nr,nr,78,nr,109,106,127,nr,85,nr,nr,124,nr,91,87,nr,114,101,104,nr,69,nr,100,119,nr,73,124,nr,89,77,124,nr,nr,nr,105,nr,nr,71,nr,nr,104,94,82,nr
15/07/2020,nr,nr,nr,79,nr,80,92,104,nr,72,nr,nr,113,nr,92,87,nr,85,97,85,nr,72,nr,76,92,nr,76,98,nr,84,83,104,nr,nr,nr,54,nr,nr,76,nr,nr,91,93,nr,nr
16/07/2020,nr,nr,nr,77,nr,90,88,111,nr,77,nr,nr,122,nr,93,85,nr,99,108,84,nr,66,nr,91,104,nr,70,108,nr,91,72,118,nr,nr,nr,106,nr,nr,77,nr,nr,111,90,nr,nr
17/07/2020,nr,nr,nr,75,nr,78,81,85,nr,62,nr,nr,104,nr,80,71,nr,88,49,80,nr,58,nr,75,92,nr,58,91,nr,68,62,93,nr,nr,nr,57,nr,nr,69,nr,nr,74,77,65,nr
18/07/2020,nr,nr,nr,64,nr,71,83,76,nr,64,nr,nr,nr,nr,78,69,nr,79,76,69,nr,55,nr,74,87,nr,62,77,nr,71,61,86,nr,nr,nr,76,nr,nr,67,nr,nr,72,72,64,nr
19/07/2020,nr,nr,nr,84,nr,68,78,84,nr,67,nr,nr,nr,nr,72,67,nr,71,61,70,nr,64,nr,68,77,nr,61,74,nr,82,75,75,nr,nr,nr,98,nr,nr,73,nr,nr,89,74,70,nr
20/07/2020,nr,nr,nr,72,nr,104,90,118,nr,77,nr,nr,nr,nr,82,88,nr,114,64,126,nr,62,nr,121,105,nr,91,101,nr,109,68,87,nr,nr,nr,110,nr,nr,71,nr,nr,146,136,76,nr
21/07/2020,nr,nr,nr,64,nr,94,84,113,nr,71,nr,nr,nr,nr,70,72,nr,103,93,90,nr,59,nr,85,94,nr,65,110,nr,80,64,102,nr,nr,nr,96,nr,nr,57,nr,nr,97,85,66,nr
22/07/2020,nr,nr,nr,73,nr,92,110,125,nr,76,nr,nr,nr,nr,106,82,nr,91,98,87,nr,68,nr,83,103,nr,65,122,nr,105,78,118,nr,nr,nr,85,nr,nr,80,nr,nr,124,99,77,nr
23/07/2020,nr,nr,nr,89,nr,96,110,126,nr,71,nr,nr,nr,nr,98,84,nr,105,106,102,nr,81,nr,24,124,nr,78,121,nr,105,83,133,nr,nr,nr,91,nr,nr,81,nr,nr,116,110,84,nr
24/07/2020,nr,nr,nr,88,nr,102,110,124,nr,75,nr,nr,nr,nr,94,85,nr,111,90,102,nr,71,nr,105,123,nr,80,122,nr,94,79,132,nr,nr,nr,64,nr,nr,78,nr,nr,94,95,77,nr
25/07/2020,nr,nr,nr,78,nr,108,115,135,nr,79,nr,nr,nr,nr,104,91,nr,116,87,111,nr,79,nr,112,117,nr,96,122,nr,109,76,124,nr,nr,nr,103,nr,nr,79,nr,nr,127,116,77,nr
26/07/2020,nr,nr,nr,65,nr,58,71,68,nr,47,nr,nr,nr,nr,54,62,nr,66,43,63,nr,59,nr,70,61,nr,42,65,nr,47,57,58,nr,nr,nr,50,nr,nr,nr,nr,nr,55,56,80,nr
27/07/2020,nr,nr,nr,83,nr,57,55,64,nr,51,nr,nr,nr,nr,67,59,nr,68,48,56,nr,50,nr,65,68,nr,50,64,nr,55,52,75,nr,nr,nr,38,nr,nr,nr,nr,nr,51,54,61,nr
28/07/2020,nr,nr,nr,50,nr,30,44,38,nr,45,nr,nr,nr,nr,36,58,nr,43,33,39,nr,58,nr,50,37,nr,40,36,nr,40,61,35,nr,nr,nr,39,nr,nr,43,nr,nr,41,52,77,nr
29/07/2020,nr,nr,nr,43,nr,47,52,51,nr,37,nr,nr,nr,nr,47,49,nr,50,26,48,nr,42,nr,53,55,nr,37,49,nr,44,44,44,nr,nr,nr,38,nr,nr,46,nr,nr,48,45,48,nr
30/07/2020,nr,nr,nr,63,nr,82,87,103,nr,74,nr,nr,nr,nr,76,79,90,97,92,84,nr,56,nr,89,104,nr,70,100,nr,89,67,nr,nr,nr,nr,95,nr,nr,62,nr,nr,95,88,64,nr
31/07/2020,nr,nr,nr,64,nr,57,71,64,nr,53,nr,nr,nr,nr,63,57,65,66,35,57,nr,54,nr,62,66,nr,56,48,nr,63,55,nr,nr,nr,nr,46,nr,nr,58,nr,nr,61,67,66,nr
01/08/2020,nr,nr,nr,44,nr,56,69,66,nr,49,nr,nr,nr,nr,42,65,76,69,34,64,nr,50,nr,65,63,nr,72,67,nr,74,56,nr,nr,nr,nr,96,nr,nr,43,nr,nr,79,67,58,nr
02/08/2020,nr,nr,nr,52,nr,61,62,77,nr,54,nr,nr,nr,nr,57,61,64,68,56,72,nr,43,nr,68,65,nr,59,72,nr,67,51,nr,nr,nr,nr,78,nr,nr,48,nr,nr,85,75,54,nr
03/08/2020,nr,nr,nr,51,nr,71,88,80,nr,49,nr,nr,nr,nr,68,77,80,88,42,71,nr,58,nr,83,89,nr,66,77,nr,66,53,nr,nr,nr,nr,51,nr,nr,59,nr,nr,61,44,69,nr
04/08/2020,nr,nr,nr,57,nr,87,77,107,nr,50,nr,nr,nr,nr,62,71,75,91,82,85,nr,50,nr,81,86,nr,64,102,nr,72,59,nr,nr,nr,nr,91,nr,nr,51,nr,nr,46,79,62,nr
05/08/2020,nr,nr,nr,55,nr,94,73,120,nr,55,nr,nr,nr,nr,62,67,68,91,92,77,nr,49,nr,74,90,nr,61,114,nr,66,57,nr,nr,nr,nr,74,nr,nr,nr,nr,nr,85,76,60,nr
06/08/2020,nr,nr,nr,58,nr,82,73,101,nr,46,nr,nr,nr,nr,62,74,75,82,74,90,nr,46,nr,70,84,nr,77,92,nr,93,56,nr,nr,nr,nr,109,nr,nr,52,nr,nr,105,97,58,nr
07/08/2020,nr,nr,nr,43,nr,57,51,71,nr,44,nr,nr,nr,nr,44,43,48,56,60,15,nr,36,nr,51,60,nr,44,65,nr,54,37,67,nr,nr,nr,64,nr,nr,39,nr,nr,64,57,43,nr
08/08/2020,nr,nr,nr,38,nr,46,47,56,nr,40,nr,nr,nr,nr,39,44,47,46,45,nr,nr,33,nr,43,48,nr,40,52,nr,45,37,55,nr,nr,nr,50,nr,nr,35,nr,nr,55,50,44,nr
09/08/2020,nr,nr,nr,53,nr,76,81,90,nr,49,nr,nr,nr,nr,60,69,75,79,26,nr,nr,55,nr,80,76,nr,59,78,nr,51,54,57,nr,nr,nr,41,nr,nr,54,nr,nr,65,67,63,nr
10/08/2020,nr,nr,nr,47,nr,70,64,89,nr,53,nr,nr,nr,nr,55,63,64,67,63,nr,nr,39,nr,61,72,nr,72,85,nr,85,47,87,nr,nr,nr,83,nr,nr,43,nr,nr,83,83,53,nr
11/08/2020,nr,nr,nr,50,nr,69,83,102,nr,59,nr,nr,nr,nr,67,92,95,81,66,nr,nr,67,nr,76,94,nr,68,99,nr,79,77,110,nr,nr,nr,74,nr,nr,68,nr,nr,98,83,49,nr
12/08/2020,nr,nr,nr,68,nr,58,79,72,nr,53,nr,nr,nr,nr,70,71,74,8,29,nr,nr,55,nr,71,71,nr,62,68,nr,63,39,74,nr,nr,nr,50,nr,nr,67,nr,nr,65,73,59,nr
13/08/2020,nr,nr,nr,71,nr,92,97,90,nr,107,nr,nr,nr,nr,90,105,96,nr,58,nr,nr,74,nr,84,84,nr,104,76,nr,96,96,79,nr,nr,nr,71,nr,nr,78,nr,nr,79,114,77,nr
14/08/2020,nr,nr,nr,59,nr,104,94,118,nr,69,nr,nr,nr,nr,68,84,88,nr,56,nr,nr,55,nr,95,30,nr,65,107,nr,84,65,99,nr,nr,nr,99,nr,nr,61,nr,nr,101,92,60,nr
15/08/2020,nr,nr,nr,60,nr,84,74,94,nr,75,nr,nr,nr,nr,nr,79,77,nr,71,nr,nr,53,nr,82,nr,nr,70,93,nr,90,61,96,nr,nr,nr,106,nr,nr,55,nr,nr,88,83,61,nr
16/08/2020,nr,nr,nr,53,nr,72,77,86,nr,65,nr,nr,nr,nr,nr,66,70,nr,68,nr,nr,44,nr,78,nr,nr,65,82,nr,76,49,87,nr,nr,nr,69,nr,nr,54,nr,nr,83,78,53,nr
17/08/2020,nr,nr,nr,58,nr,73,81,89,nr,65,nr,nr,nr,nr,nr,67,69,nr,82,nr,nr,48,nr,71,nr,nr,59,86,nr,85,55,107,nr,nr,nr,77,nr,nr,57,nr,nr,91,76,53,nr
18/08/2020,nr,nr,nr,47,nr,70,79,91,nr,63,nr,nr,nr,nr,67,66,75,nr,80,nr,nr,50,nr,78,nr,nr,62,92,nr,72,55,97,nr,nr,nr,80,nr,nr,54,nr,nr,81,75,61,nr
19/08/2020,nr,nr,nr,61,nr,92,85,114,nr,55,nr,nr,nr,nr,65,94,86,nr,57,nr,nr,52,nr,97,nr,nr,71,119,nr,83,56,117,nr,nr,nr,78,nr,nr,63,nr,nr,99,94,62,nr
20/08/2020,nr,nr,nr,55,nr,86,78,100,nr,79,nr,nr,nr,nr,59,76,77,nr,68,nr,nr,54,nr,83,nr,nr,76,88,nr,95,67,87,nr,nr,nr,109,nr,nr,52,nr,nr,110,96,62,nr
21/08/2020,nr,nr,nr,76,nr,100,97,124,nr,75,nr,nr,nr,nr,76,99,101,nr,97,nr,nr,64,nr,100,nr,nr,88,116,nr,99,81,108,nr,nr,nr,107,nr,nr,68,nr,nr,135,116,66,nr
22/08/2020,nr,nr,nr,61,nr,90,83,105,nr,60,nr,nr,nr,nr,67,72,75,nr,65,nr,nr,55,nr,87,nr,nr,70,87,nr,81,64,84,nr,nr,nr,81,nr,nr,63,nr,nr,102,90,63,nr
23/08/2020,nr,nr,nr,60,nr,82,78,96,nr,56,nr,nr,nr,nr,64,68,75,nr,80,nr,nr,53,nr,79,nr,nr,64,94,nr,69,61,86,nr,nr,nr,81,nr,nr,58,nr,nr,91,84,59,nr
24/08/2020,nr,nr,nr,42,nr,66,56,76,nr,49,nr,nr,nr,nr,44,52,53,nr,61,nr,nr,35,nr,54,nr,nr,46,78,nr,53,40,71,nr,nr,nr,72,nr,nr,41,nr,nr,73,59,43,nr
25/08/2020,nr,nr,nr,27,nr,27,22,36,nr,29,nr,nr,nr,29,30,32,27,nr,27,nr,nr,21,nr,21,nr,35,26,34,nr,26,27,39,nr,nr,nr,32,nr,nr,23,nr,nr,36,30,27,nr
26/08/2020,nr,nr,nr,42,nr,66,61,90,nr,44,nr,nr,nr,37,46,60,62,nr,67,nr,nr,35,nr,60,nr,67,47,87,nr,69,41,82,nr,nr,nr,83,nr,nr,40,nr,nr,96,57,43,nr
27/08/2020,nr,nr,nr,48,nr,58,71,58,nr,26,nr,nr,nr,61,45,61,81,nr,21,nr,nr,61,nr,64,nr,29,37,45,nr,28,59,35,nr,nr,nr,27,nr,nr,56,nr,nr,39,50,81,nr
28/08/2020,nr,nr,nr,72,nr,107,96,133,nr,50,nr,nr,nr,57,85,88,96,nr,65,nr,nr,62,nr,100,nr,31,70,122,nr,90,72,117,nr,nr,nr,107,nr,nr,68,nr,nr,118,105,67,nr
29/08/2020,nr,nr,nr,81,nr,74,81,77,nr,58,nr,nr,nr,62,73,70,80,nr,55,nr,nr,nr,nr,85,nr,47,79,76,nr,69,66,88,nr,nr,nr,55,nr,nr,70,nr,nr,68,79,78,nr
30/08/2020,nr,nr,nr,40,nr,28,36,29,nr,27,nr,nr,nr,52,32,29,36,nr,18,nr,nr,nr,nr,34,nr,30,24,33,nr,26,28,30,nr,nr,nr,29,nr,nr,35,nr,nr,33,33,41,nr
31/08/2020,nr,nr,nr,85,nr,92,95,98,nr,52,nr,nr,nr,51,105,63,73,nr,37,nr,nr,nr,nr,87,nr,40,69,97,nr,62,64,117,nr,nr,nr,38,nr,nr,2,nr,nr,67,80,3,nr
01/09/2020,nr,nr,nr,80,nr,98,107,112,nr,22,nr,nr,nr,75,106,79,86,nr,103,nr,nr,nr,nr,88,nr,91,68,112,nr,77,69,119,nr,nr,nr,103,nr,nr,77,nr,nr,106,79,78,nr
02/09/2020,nr,nr,nr,65,nr,90,84,105,nr,72,nr,nr,nr,66,69,80,82,nr,100,nr,nr,nr,nr,86,nr,117,67,111,nr,80,72,114,nr,nr,nr,101,nr,nr,61,nr,nr,103,81,71,nr
03/09/2020,nr,nr,nr,50,nr,56,51,74,nr,41,nr,nr,nr,47,54,49,53,nr,73,nr,nr,nr,nr,51,nr,75,47,77,nr,54,41,75,nr,nr,nr,65,nr,nr,35,nr,nr,67,56,51,nr
04/09/2020,nr,nr,nr,32,nr,33,31,37,nr,33,nr,nr,nr,33,31,36,38,nr,34,nr,nr,nr,nr,32,nr,38,31,34,nr,34,32,39,nr,nr,nr,33,nr,nr,34,nr,nr,37,33,37,nr
05/09/2020,nr,nr,nr,24,nr,27,27,28,nr,31,nr,nr,nr,28,26,31,33,nr,27,nr,nr,nr,nr,26,nr,35,29,26,nr,30,27,35,nr,nr,nr,31,nr,nr,26,nr,nr,30,31,30,nr
06/09/2020,nr,nr,nr,32,nr,41,41,47,nr,38,nr,nr,nr,37,37,41,43,nr,37,nr,nr,nr,nr,39,nr,56,37,46,nr,47,36,46,nr,nr,nr,50,nr,nr,38,nr,nr,50,49,38,nr
07/09/2020,nr,nr,nr,47,nr,52,49,66,nr,38,nr,nr,nr,44,53,47,50,nr,61,nr,nr,nr,nr,48,nr,65,40,65,nr,45,39,68,nr,nr,nr,54,nr,nr,45,nr,nr,65,53,46,nr
08/09/2020,nr,nr,nr,88,nr,98,104,94,nr,68,nr,nr,nr,65,108,81,97,nr,52,nr,nr,nr,nr,92,nr,55,35,103,nr,89,86,123,nr,nr,nr,54,nr,nr,97,nr,nr,74,103,77,nr
09/09/2020,nr,nr,nr,97,nr,56,68,69,nr,52,nr,nr,nr,101,72,65,77,nr,33,nr,nr,nr,nr,61,nr,39,nr,68,nr,44,68,76,nr,nr,nr,43,nr,nr,86,nr,nr,54,49,100,nr
10/09/2020,nr,nr,nr,47,nr,70,64,94,nr,61,nr,nr,nr,44,58,65,68,nr,73,nr,nr,nr,nr,66,nr,72,nr,84,nr,78,52,86,nr,nr,nr,93,nr,nr,53,nr,nr,94,79,48,nr
11/09/2020,nr,nr,nr,47,nr,60,55,77,nr,53,nr,nr,nr,44,53,63,70,nr,61,nr,nr,nr,nr,60,nr,94,70,70,nr,74,47,72,nr,nr,nr,86,nr,nr,48,nr,nr,80,77,48,nr
12/09/2020,nr,nr,nr,71,nr,94,83,112,nr,66,nr,nr,nr,71,79,75,79,nr,89,nr,nr,nr,nr,86,94,98,79,108,nr,78,65,102,nr,nr,nr,99,nr,nr,73,nr,nr,104,90,74,nr
13/09/2020,nr,nr,nr,42,nr,59,51,72,nr,45,nr,nr,nr,42,47,54,55,nr,52,nr,nr,nr,nr,52,56,71,58,65,nr,54,46,57,nr,nr,nr,60,nr,nr,44,nr,nr,68,62,42,nr
14/09/2020,nr,nr,nr,40,nr,44,38,52,nr,44,nr,nr,nr,41,43,50,47,nr,44,nr,nr,nr,nr,41,45,56,50,50,nr,48,31,51,nr,nr,nr,52,nr,nr,46,nr,nr,52,50,46,nr
15/09/2020,nr,nr,nr,51,nr,77,61,98,nr,55,nr,nr,nr,54,59,61,63,nr,69,nr,nr,nr,nr,66,76,74,67,93,nr,65,nr,88,nr,nr,nr,71,nr,nr,55,nr,nr,87,83,49,nr
16/09/2020,nr,nr,nr,50,nr,60,55,78,nr,46,nr,nr,nr,43,53,59,59,nr,48,nr,nr,nr,nr,62,60,66,61,76,nr,60,nr,68,nr,nr,nr,66,nr,nr,51,nr,nr,81,75,45,nr
17/09/2020,nr,nr,nr,42,nr,49,44,59,nr,37,nr,nr,nr,41,44,41,46,nr,54,nr,nr,nr,nr,45,49,65,51,56,nr,53,nr,62,nr,nr,nr,62,nr,nr,40,nr,nr,63,56,36,nr
18/09/2020,nr,nr,nr,27,nr,24,26,30,nr,33,nr,nr,nr,13,32,42,40,nr,30,nr,nr,nr,nr,23,27,33,36,28,nr,33,nr,33,nr,nr,nr,28,nr,nr,33,nr,nr,29,33,40,nr
19/09/2020,nr,nr,nr,23,nr,26,26,34,nr,29,nr,nr,nr,nr,26,33,33,nr,31,nr,nr,nr,nr,23,27,41,33,32,nr,31,nr,35,nr,nr,nr,33,nr,nr,27,nr,nr,34,28,32,nr
20/09/2020,nr,nr,nr,65,nr,83,101,85,nr,52,nr,nr,nr,nr,75,97,114,nr,37,nr,nr,nr,nr,102,96,72,89,85,nr,95,nr,73,nr,nr,nr,80,nr,nr,82,nr,nr,83,116,61,nr
21/09/2020,nr,nr,nr,58,nr,67,84,90,nr,53,nr,nr,nr,nr,69,30,103,nr,40,nr,nr,nr,nr,94,76,37,77,77,nr,87,nr,78,nr,nr,nr,74,nr,nr,71,nr,nr,90,91,63,nr
22/09/2020,nr,nr,nr,75,nr,103,85,124,nr,74,nr,nr,nr,nr,71,84,100,nr,85,nr,nr,nr,nr,102,99,121,95,119,nr,97,nr,101,nr,nr,nr,122,nr,nr,64,nr,nr,127,112,62,nr
23/09/2020,nr,nr,nr,65,nr,106,86,119,nr,77,nr,nr,nr,nr,72,65,78,nr,71,nr,nr,nr,nr,101,97,105,74,111,nr,73,nr,86,nr,nr,nr,90,nr,nr,61,nr,nr,92,89,68,nr
24/09/2020,nr,nr,nr,82,nr,77,91,85,nr,73,nr,nr,nr,62,71,96,85,nr,56,nr,nr,nr,nr,88,64,58,100,77,nr,92,nr,82,nr,nr,nr,57,nr,nr,87,nr,nr,71,104,78,nr
25/09/2020,nr,nr,nr,69,nr,58,66,82,nr,70,nr,nr,nr,60,55,77,69,nr,53,nr,nr,nr,nr,22,60,41,82,74,nr,72,nr,76,nr,nr,nr,47,nr,nr,72,nr,nr,81,83,66,nr
26/09/2020,nr,nr,nr,58,nr,86,78,106,nr,50,nr,nr,nr,62,71,75,78,nr,75,nr,nr,nr,nr,nr,86,76,87,97,nr,97,nr,91,nr,nr,nr,74,nr,nr,72,nr,nr,101,94,65,nr
27/09/2020,nr,nr,nr,67,nr,68,81,92,nr,53,nr,nr,nr,64,69,58,65,nr,74,nr,nr,nr,nr,nr,91,111,66,89,nr,70,nr,94,nr,nr,nr,102,nr,nr,69,nr,nr,90,79,60,nr
28/09/2020,nr,nr,nr,55,nr,68,64,76,nr,56,nr,nr,nr,53,64,70,70,nr,77,nr,nr,nr,nr,nr,73,71,35,76,nr,61,nr,81,nr,nr,nr,65,nr,nr,62,nr,nr,73,71,65,nr
29/09/2020,nr,nr,nr,30,nr,28,24,33,nr,29,nr,nr,nr,31,30,35,35,nr,32,nr,nr,nr,nr,nr,29,36,34,33,nr,32,nr,38,nr,nr,nr,35,nr,nr,27,nr,nr,36,35,38,nr
30/09/2020,nr,nr,nr,83,nr,107,107,96,nr,61,nr,nr,nr,70,90,75,91,nr,61,nr,nr,nr,nr,nr,112,90,103,94,nr,99,nr,103,nr,nr,nr,98,nr,nr,85,nr,nr,103,100,70,nr
01/10/2020,nr,nr,nr,52,nr,64,55,84,nr,58,nr,nr,nr,53,57,70,65,nr,64,nr,nr,nr,nr,59,59,72,68,73,nr,67,nr,68,nr,nr,nr,71,nr,nr,53,nr,nr,73,67,57,nr
02/10/2020,nr,nr,nr,55,nr,64,57,78,nr,53,nr,nr,nr,55,59,58,58,nr,71,nr,nr,nr,nr,52,68,73,58,75,nr,59,nr,77,nr,nr,nr,65,nr,nr,58,nr,nr,67,61,60,nr
03/10/2020,nr,nr,nr,64,nr,96,81,114,nr,58,nr,nr,nr,57,71,70,72,nr,81,nr,nr,nr,nr,81,98,93,73,108,nr,73,nr,97,nr,nr,nr,85,nr,nr,69,nr,nr,92,83,63,nr
04/10/2020,nr,nr,nr,55,nr,57,53,66,nr,54,nr,nr,nr,56,56,57,58,nr,63,nr,nr,nr,nr,54,61,40,56,64,nr,56,nr,66,nr,nr,nr,58,nr,nr,56,nr,nr,62,60,57,nr
05/10/2020,nr,nr,nr,76,nr,79,71,96,nr,65,nr,nr,nr,72,78,70,71,nr,89,nr,nr,nr,nr,71,85,93,73,91,nr,76,nr,95,nr,nr,nr,85,nr,nr,73,nr,nr,86,76,76,nr
06/10/2020,nr,nr,nr,66,nr,81,70,95,nr,64,nr,nr,nr,61,70,79,80,nr,83,nr,nr,nr,nr,71,81,87,77,92,nr,75,nr,88,nr,nr,nr,79,nr,nr,69,nr,nr,89,81,75,nr
07/10/2020,nr,nr,nr,83,nr,111,91,130,nr,76,nr,nr,nr,72,80,83,92,nr,81,nr,nr,nr,nr,106,90,123,81,102,nr,85,nr,86,nr,nr,nr,106,nr,nr,76,nr,nr,115,105,70,nr
08/10/2020,nr,nr,nr,70,nr,107,94,129,nr,79,nr,nr,nr,65,79,89,113,nr,79,nr,nr,nr,nr,96,106,119,89,119,nr,102,nr,95,nr,nr,nr,121,nr,nr,76,nr,nr,122,100,75,nr
09/10/2020,nr,nr,nr,102,nr,99,101,121,nr,77,nr,nr,nr,75,118,88,98,nr,84,nr,nr,nr,nr,88,119,93,80,121,nr,92,nr,126,nr,nr,nr,106,nr,nr,110,nr,nr,107,97,82,nr
10/10/2020,nr,nr,nr,73,nr,92,81,111,nr,83,nr,nr,nr,66,90,89,90,nr,110,nr,nr,nr,nr,87,93,116,93,106,nr,89,nr,115,nr,nr,nr,106,nr,nr,84,nr,nr,108,103,82,nr
11/10/2020,nr,nr,nr,93,nr,95,86,106,nr,80,nr,nr,nr,75,113,85,92,nr,91,nr,nr,nr,nr,92,96,67,88,107,nr,117,nr,100,nr,nr,nr,76,nr,nr,106,nr,nr,114,108,75,nr
12/10/2020,nr,nr,nr,73,nr,60,65,61,nr,55,nr,nr,nr,71,73,57,69,nr,39,nr,nr,nr,nr,72,79,42,58,57,nr,47,nr,58,nr,nr,nr,40,nr,nr,70,nr,nr,49,56,73,nr
13/10/2020,nr,nr,nr,49,nr,66,54,81,nr,52,nr,nr,nr,46,52,59,58,nr,65,nr,nr,nr,nr,54,71,86,66,74,nr,70,nr,64,nr,nr,nr,80,nr,nr,43,nr,nr,76,68,53,nr
14/10/2020,nr,nr,90,51,nr,65,56,90,nr,48,nr,nr,nr,49,55,56,55,nr,68,nr,nr,nr,45,56,72,80,61,82,nr,60,nr,79,nr,nr,nr,71,nr,nr,50,nr,nr,70,63,52,nr
15/10/2020,nr,nr,72,55,nr,57,5,73,nr,54,nr,nr,nr,52,59,62,59,nr,70,nr,nr,nr,52,52,69,85,18,74,nr,65,nr,79,nr,nr,nr,70,nr,nr,56,nr,nr,68,16,57,nr
16/10/2020,nr,nr,43,nr,nr,38,31,47,nr,35,nr,nr,nr,32,33,41,41,nr,34,nr,nr,nr,32,31,39,58,43,40,nr,44,nr,45,nr,nr,nr,41,nr,nr,31,nr,nr,47,42,40,nr
17/10/2020,nr,nr,97,nr,nr,85,77,100,nr,60,nr,nr,nr,55,76,78,84,nr,64,nr,nr,nr,60,88,91,96,76,96,nr,84,62,98,nr,nr,nr,89,nr,nr,78,nr,nr,100,92,59,nr
18/10/2020,nr,nr,96,nr,nr,88,93,99,nr,82,nr,nr,nr,65,95,84,87,nr,72,nr,nr,nr,71,91,98,105,90,94,nr,91,64,99,nr,nr,nr,101,nr,nr,85,nr,nr,92,92,70,nr
19/10/2020,nr,nr,89,55,nr,74,nr,95,nr,69,nr,nr,nr,56,58,64,59,nr,81,nr,nr,nr,46,63,79,87,74,90,nr,82,50,88,nr,nr,nr,85,nr,nr,57,nr,nr,82,74,56,nr
20/10/2020,nr,nr,88,59,nr,85,nr,108,nr,58,nr,nr,nr,49,63,63,60,nr,76,nr,nr,nr,52,64,85,85,70,101,nr,74,48,91,nr,nr,nr,81,nr,nr,56,nr,nr,85,72,55,nr
21/10/2020,nr,nr,82,56,nr,75,nr,93,nr,60,nr,nr,nr,53,61,63,63,nr,80,nr,nr,nr,55,67,85,76,66,93,nr,71,53,94,nr,nr,nr,71,nr,nr,68,nr,nr,71,62,60,nr
22/10/2020,nr,nr,73,57,nr,60,49,70,nr,59,nr,nr,nr,56,60,62,83,nr,59,nr,nr,nr,51,46,61,97,64,63,nr,60,51,64,nr,nr,nr,84,nr,nr,56,nr,nr,75,nr,58,nr
23/10/2020,nr,nr,61,50,nr,47,49,60,nr,46,nr,nr,nr,54,53,56,53,nr,63,nr,nr,nr,49,46,59,58,54,64,nr,51,45,66,nr,nr,nr,54,nr,nr,51,nr,nr,62,26,54,nr
24/10/2020,nr,nr,65,52,nr,nr,52,69,nr,46,nr,nr,nr,51,56,54,53,nr,65,nr,nr,nr,42,50,67,70,56,68,nr,56,44,71,nr,nr,nr,63,nr,nr,54,nr,nr,63,57,54,nr
25/10/2020,nr,nr,86,56,nr,nr,67,94,nr,59,nr,nr,nr,58,58,65,65,nr,68,nr,nr,nr,70,74,81,100,79,87,nr,83,48,78,nr,nr,nr,94,nr,nr,55,nr,nr,90,78,63,nr
26/10/2020,nr,nr,78,78,nr,nr,77,95,nr,93,nr,nr,nr,73,85,90,91,nr,75,nr,nr,nr,66,85,99,124,100,95,nr,102,72,96,nr,nr,nr,111,nr,nr,83,nr,nr,89,91,76,nr
27/10/2020,nr,nr,79,92,nr,nr,106,137,nr,88,nr,nr,nr,91,111,107,124,nr,40,nr,nr,nr,105,114,129,74,109,144,nr,103,97,131,nr,nr,nr,76,nr,nr,114,nr,nr,112,115,127,nr
28/10/2020,nr,nr,75,132,nr,108,120,120,nr,102,nr,nr,nr,102,120,125,133,nr,59,nr,nr,nr,116,129,136,76,54,115,nr,105,98,128,nr,nr,nr,87,nr,nr,130,nr,nr,99,119,135,nr
29/10/2020,nr,nr,104,74,nr,74,67,98,nr,83,nr,nr,nr,77,71,35,92,nr,83,nr,nr,nr,71,90,88,104,89,92,nr,92,37,99,nr,nr,nr,110,nr,nr,80,nr,nr,89,92,78,nr
30/10/2020,nr,nr,84,54,nr,73,62,100,nr,64,nr,nr,nr,51,59,nr,35,nr,80,nr,nr,nr,62,76,86,95,76,99,nr,85,52,99,nr,nr,nr,97,nr,nr,56,nr,nr,99,81,53,nr
31/10/2020,nr,nr,85,66,nr,72,76,98,nr,77,nr,nr,nr,68,74,nr,93,nr,51,nr,nr,nr,63,74,94,80,89,97,nr,101,76,110,nr,nr,nr,80,nr,nr,82,nr,nr,84,104,90,nr
01/11/2020,nr,nr,55,36,nr,39,11,57,nr,36,nr,nr,nr,42,37,nr,39,nr,42,nr,nr,nr,36,43,45,59,44,50,nr,47,28,51,nr,nr,nr,53,nr,nr,36,nr,nr,51,46,35,nr
02/11/2020,nr,nr,63,39,nr,44,nr,60,nr,42,nr,nr,nr,41,43,nr,48,nr,53,nr,nr,nr,41,46,51,55,45,56,nr,45,34,57,nr,nr,nr,48,nr,nr,43,nr,nr,57,48,45,nr
03/11/2020,nr,nr,70,nr,nr,57,53,79,nr,60,nr,nr,nr,51,53,nr,68,nr,58,nr,nr,nr,62,58,71,90,76,73,nr,81,42,76,nr,nr,nr,91,nr,nr,53,nr,nr,77,77,54,nr
04/11/2020,nr,nr,65,nr,nr,61,49,79,nr,49,nr,nr,nr,55,48,nr,54,nr,64,nr,nr,nr,46,49,68,82,56,75,nr,56,42,73,nr,nr,nr,75,nr,nr,49,nr,nr,65,32,57,nr
05/11/2020,nr,nr,85,nr,nr,70,62,96,nr,76,nr,nr,nr,53,61,nr,77,nr,69,nr,nr,nr,62,73,82,97,80,89,nr,93,48,85,nr,nr,nr,88,nr,nr,57,nr,nr,85,84,61,nr
06/11/2020,nr,nr,67,nr,nr,82,86,117,nr,94,nr,nr,nr,72,86,nr,90,nr,58,nr,nr,nr,91,84,109,98,111,114,nr,110,64,113,nr,nr,nr,103,nr,nr,101,nr,nr,98,103,94,nr
07/11/2020,nr,nr,83,81,nr,92,86,128,nr,88,nr,nr,nr,67,82,122,122,nr,67,nr,nr,nr,97,109,117,94,121,125,nr,108,72,129,nr,nr,nr,99,nr,nr,90,nr,nr,109,118,70,nr
08/11/2020,nr,nr,72,79,nr,95,86,124,nr,82,nr,nr,nr,76,82,126,127,nr,97,nr,nr,nr,109,125,114,96,102,124,nr,96,80,134,nr,nr,nr,107,nr,nr,83,nr,nr,103,113,74,nr
09/11/2020,nr,nr,109,83,nr,88,78,115,nr,82,nr,nr,nr,92,75,92,88,nr,80,nr,nr,nr,78,90,101,111,91,108,nr,94,66,109,nr,nr,nr,102,nr,nr,75,nr,nr,101,91,83,nr
10/11/2020,nr,nr,112,78,nr,92,73,120,nr,80,nr,nr,nr,76,73,92,87,nr,78,nr,nr,nr,72,93,100,113,89,109,nr,91,66,100,nr,nr,nr,103,nr,nr,73,nr,nr,116,96,86,nr
11/11/2020,nr,nr,87,96,nr,115,101,159,nr,100,nr,nr,nr,84,104,114,114,nr,99,nr,nr,nr,109,121,145,97,115,153,nr,nr,83,151,nr,nr,nr,108,nr,nr,107,nr,nr,126,122,90,nr
12/11/2020,nr,nr,108,106,nr,99,96,141,nr,104,nr,nr,nr,100,116,121,112,nr,107,nr,nr,nr,99,113,135,143,121,133,nr,nr,83,145,nr,nr,nr,143,nr,nr,109,nr,nr,120,121,100,nr
13/11/2020,nr,nr,77,73,nr,81,70,103,nr,93,nr,nr,nr,58,82,97,97,nr,64,nr,nr,nr,69,86,95,87,98,103,nr,nr,76,100,nr,nr,nr,83,nr,nr,73,nr,nr,108,98,65,nr
14/11/2020,nr,nr,106,75,nr,89,87,123,nr,85,nr,nr,nr,82,80,101,118,nr,95,nr,nr,nr,105,110,113,116,92,120,nr,86,77,121,nr,nr,nr,116,nr,nr,51,nr,nr,107,102,78,nr
15/11/2020,nr,nr,69,54,nr,57,54,73,nr,65,nr,nr,nr,54,59,71,67,nr,67,nr,nr,nr,58,57,72,77,72,72,nr,63,52,81,nr,nr,nr,72,nr,nr,62,nr,nr,68,70,67,nr
16/11/2020,nr,nr,59,43,nr,45,40,58,nr,38,nr,nr,nr,45,43,48,46,nr,51,nr,nr,nr,39,44,52,64,49,56,nr,45,34,59,nr,nr,nr,58,nr,nr,44,nr,nr,55,53,45,nr
17/11/2020,nr,nr,33,25,nr,25,20,34,nr,37,nr,nr,nr,29,22,38,33,nr,26,nr,nr,nr,28,27,29,41,35,30,nr,32,27,30,nr,nr,nr,38,nr,nr,27,nr,nr,34,35,35,nr
18/11/2020,nr,nr,32,28,nr,24,24,34,nr,36,nr,nr,nr,33,28,41,39,nr,26,nr,nr,nr,32,28,27,37,40,31,nr,34,28,37,nr,nr,nr,39,nr,nr,28,nr,nr,31,37,38,nr
19/11/2020,nr,nr,71,47,nr,61,50,77,nr,56,nr,nr,nr,50,46,66,24,nr,60,nr,nr,nr,65,63,58,85,69,65,nr,56,43,75,nr,nr,nr,78,nr,nr,47,nr,nr,77,68,51,nr
20/11/2020,nr,nr,48,27,nr,36,27,51,nr,23,nr,nr,nr,31,13,36,37,nr,36,nr,nr,nr,29,34,27,49,41,45,nr,33,21,47,nr,nr,nr,44,nr,nr,30,nr,nr,45,39,30,nr
21/11/2020,nr,nr,43,29,nr,31,26,45,nr,32,nr,nr,nr,31,26,40,36,nr,33,nr,nr,nr,27,27,34,48,39,39,nr,37,26,38,nr,nr,nr,44,nr,nr,30,nr,nr,43,40,35,nr
22/11/2020,nr,nr,65,39,nr,55,46,71,nr,45,nr,nr,nr,40,41,50,48,nr,52,nr,nr,nr,52,47,61,68,50,66,nr,50,37,62,nr,nr,nr,60,nr,nr,44,nr,nr,55,53,45,nr
23/11/2020,nr,nr,78,47,nr,54,51,70,nr,51,nr,nr,nr,51,47,62,64,nr,51,nr,nr,nr,61,65,56,85,60,58,nr,58,45,58,nr,nr,nr,78,nr,nr,49,nr,nr,69,59,55,nr
24/11/2020,nr,nr,88,57,nr,72,52,90,nr,62,nr,nr,nr,59,50,67,71,nr,57,nr,nr,nr,60,55,71,79,62,76,nr,55,54,65,nr,nr,nr,74,nr,nr,53,nr,nr,95,85,60,nr
25/11/2020,nr,nr,110,65,nr,85,71,117,nr,75,nr,nr,nr,78,70,80,79,nr,80,nr,nr,nr,68,75,94,111,85,109,nr,78,57,104,nr,nr,nr,104,nr,nr,70,nr,nr,80,89,84,nr
26/11/2020,nr,nr,87,52,nr,72,6,98,nr,60,nr,nr,nr,60,53,63,75,nr,67,nr,nr,nr,62,70,79,88,65,86,nr,61,47,79,nr,nr,nr,83,nr,nr,52,nr,nr,81,68,58,nr
27/11/2020,nr,nr,73,58,nr,63,58,77,nr,64,nr,nr,nr,51,61,68,62,nr,67,nr,nr,nr,47,65,68,77,72,70,nr,66,52,77,nr,nr,nr,82,nr,nr,58,nr,nr,78,78,57,nr
28/11/2020,nr,nr,94,62,nr,71,61,92,nr,73,nr,nr,nr,57,63,107,111,nr,71,nr,nr,nr,87,91,77,88,98,90,nr,87,74,84,nr,nr,nr,96,nr,nr,60,nr,nr,93,97,61,nr
29/11/2020,nr,nr,87,82,nr,102,99,133,nr,99,nr,nr,nr,77,95,124,121,nr,71,nr,nr,nr,115,114,130,102,118,129,nr,99,80,133,nr,nr,nr,110,nr,nr,93,nr,nr,111,129,81,nr
30/11/2020,nr,nr,63,53,nr,55,57,71,nr,84,nr,nr,nr,59,50,77,77,nr,45,nr,nr,nr,65,67,70,72,76,63,nr,57,54,73,nr,nr,nr,75,nr,nr,56,nr,nr,71,76,57,nr
01/12/2020,nr,nr,47,44,nr,56,57,46,nr,47,nr,nr,nr,55,45,74,78,nr,44,nr,nr,nr,56,68,70,53,56,70,nr,46,59,61,nr,nr,nr,50,nr,nr,62,nr,nr,51,51,66,nr
02/12/2020,nr,nr,56,42,nr,51,50,69,nr,50,nr,nr,nr,53,46,73,62,nr,47,nr,nr,nr,50,62,55,57,70,67,nr,49,52,55,nr,nr,nr,60,nr,nr,49,nr,nr,65,80,57,nr
03/12/2020,nr,nr,45,nr,nr,41,46,54,nr,34,nr,nr,nr,62,nr,46,50,nr,39,nr,nr,nr,49,42,55,47,44,54,nr,38,36,55,nr,nr,nr,48,nr,nr,53,nr,nr,42,43,61,nr
04/12/2020,nr,nr,44,nr,nr,31,39,41,nr,30,nr,nr,nr,43,37,40,42,nr,34,nr,nr,nr,34,39,40,38,38,40,nr,32,32,45,nr,nr,nr,36,nr,nr,38,nr,nr,38,41,49,nr
05/12/2020,nr,nr,44,nr,nr,31,34,41,nr,31,nr,nr,nr,46,38,42,44,nr,33,nr,nr,nr,31,37,36,45,40,41,nr,33,32,42,nr,nr,nr,43,nr,nr,40,nr,nr,41,43,46,nr
06/12/2020,nr,nr,46,nr,nr,43,55,56,nr,38,nr,nr,nr,68,61,61,61,nr,32,nr,nr,nr,55,54,58,46,50,57,nr,37,46,59,nr,nr,nr,46,nr,nr,63,nr,nr,43,47,85,nr
07/12/2020,nr,nr,52,nr,nr,38,39,51,nr,53,nr,nr,nr,46,43,60,53,nr,28,nr,nr,nr,35,45,44,65,58,41,nr,47,39,36,nr,nr,nr,61,nr,nr,39,nr,nr,51,48,49,nr
08/12/2020,nr,nr,58,46,nr,55,57,79,nr,64,nr,nr,nr,46,64,61,64,nr,51,nr,nr,nr,56,66,67,71,66,74,nr,64,42,72,nr,nr,nr,11,nr,nr,56,nr,nr,74,76,54,nr
09/12/2020,nr,nr,52,43,nr,53,49,69,nr,62,nr,nr,nr,54,62,69,61,nr,52,nr,nr,nr,51,65,60,69,70,64,nr,54,45,65,nr,nr,nr,65,nr,nr,49,nr,nr,59,66,61,nr
10/12/2020,nr,nr,71,80,nr,70,4,87,nr,84,nr,nr,nr,82,89,99,96,nr,60,nr,nr,nr,75,89,88,76,109,80,nr,82,65,86,nr,nr,nr,75,nr,nr,87,nr,nr,82,106,104,nr
11/12/2020,nr,nr,68,98,nr,67,102,87,nr,73,nr,nr,nr,106,107,87,99,nr,47,nr,nr,nr,86,88,96,68,81,90,nr,56,66,101,nr,nr,nr,72,nr,nr,100,nr,nr,68,85,111,nr
12/12/2020,nr,nr,57,86,nr,62,86,87,nr,57,nr,nr,nr,92,91,75,78,nr,40,nr,nr,nr,66,74,85,58,73,83,nr,58,54,85,nr,nr,nr,61,nr,nr,88,nr,nr,70,69,96,nr
13/12/2020,nr,nr,53,63,nr,51,61,66,nr,63,nr,nr,nr,79,53,68,69,nr,47,nr,nr,nr,51,63,60,56,71,64,nr,53,58,63,nr,nr,nr,54,nr,nr,60,nr,nr,67,72,78,nr
14/12/2020,nr,nr,60,61,nr,46,65,61,nr,57,nr,nr,nr,72,62,71,68,nr,57,nr,nr,nr,62,65,58,61,65,60,nr,51,50,60,nr,nr,nr,67,nr,nr,63,nr,nr,59,70,76,nr
15/12/2020,nr,nr,64,60,nr,49,61,65,nr,74,nr,nr,nr,67,63,70,67,nr,51,nr,nr,nr,65,57,55,67,61,61,nr,62,61,45,nr,nr,nr,72,nr,nr,68,nr,nr,63,69,74,nr
16/12/2020,nr,nr,69,61,nr,62,72,83,nr,48,nr,nr,nr,65,71,80,77,nr,51,nr,nr,nr,57,73,75,66,78,75,nr,67,55,78,nr,nr,nr,72,nr,nr,69,nr,nr,68,75,66,nr
17/12/2020,nr,nr,63,69,nr,61,74,88,nr,65,nr,nr,nr,76,72,69,80,nr,43,nr,nr,nr,65,72,74,64,73,83,nr,69,50,80,nr,nr,nr,59,nr,nr,69,nr,nr,69,86,76,nr
18/12/2020,nr,nr,57,70,nr,65,90,87,nr,53,nr,nr,nr,68,92,75,88,nr,48,nr,nr,nr,63,85,90,58,66,85,nr,45,55,92,nr,nr,nr,57,nr,nr,76,nr,nr,62,72,80,nr
19/12/2020,nr,nr,94,62,nr,75,88,93,nr,71,nr,nr,nr,62,77,79,87,nr,65,nr,nr,nr,69,91,83,100,86,87,nr,73,54,81,nr,nr,nr,105,nr,nr,69,nr,nr,93,97,71,nr
20/12/2020,nr,nr,70,68,nr,67,92,90,nr,63,nr,nr,nr,71,98,90,88,nr,55,nr,nr,nr,87,83,91,72,85,88,nr,74,59,93,nr,nr,nr,79,nr,nr,80,nr,nr,78,93,88,nr
21/12/2020,nr,nr,61,56,nr,70,78,82,nr,72,nr,nr,nr,61,80,77,77,nr,53,nr,nr,nr,64,75,84,69,92,77,nr,71,56,82,nr,nr,nr,70,nr,nr,76,nr,nr,81,96,88,nr
22/12/2020,nr,nr,85,61,nr,69,79,91,nr,68,nr,nr,nr,5,76,82,88,nr,65,nr,nr,nr,27,82,84,99,80,88,nr,68,56,82,nr,nr,nr,93,nr,nr,64,nr,nr,87,84,66,nr
23/12/2020,nr,nr,92,56,nr,76,93,109,nr,94,nr,nr,nr,73,86,114,112,nr,56,nr,nr,nr,nr,50,92,106,115,99,nr,89,79,77,nr,nr,nr,112,nr,nr,82,nr,nr,101,104,89,nr
24/12/2020,nr,nr,90,69,nr,85,89,115,nr,71,nr,nr,nr,68,81,102,105,nr,87,nr,nr,nr,82,98,96,106,94,112,nr,82,61,102,nr,nr,nr,112,nr,nr,70,nr,nr,103,108,78,nr
25/12/2020,nr,nr,85,58,nr,68,92,103,nr,60,nr,nr,nr,60,92,77,87,nr,59,nr,nr,nr,90,83,96,86,83,102,nr,70,53,106,nr,nr,nr,94,nr,nr,73,nr,nr,83,89,63,nr
26/12/2020,nr,nr,79,45,nr,58,64,81,nr,62,nr,nr,nr,56,64,76,81,nr,48,nr,nr,nr,50,63,73,81,79,76,nr,69,51,71,nr,nr,nr,79,nr,nr,56,nr,nr,69,75,68,nr
27/12/2020,nr,nr,76,50,nr,52,58,75,nr,54,nr,nr,nr,55,57,60,68,nr,70,nr,nr,nr,48,64,62,83,68,70,nr,59,45,69,nr,nr,nr,82,nr,nr,53,nr,nr,70,78,58,nr
28/12/2020,nr,nr,75,55,nr,58,71,71,nr,64,nr,nr,nr,57,60,76,73,nr,69,nr,nr,nr,73,85,63,86,77,68,nr,70,51,66,nr,nr,nr,85,nr,nr,58,nr,nr,77,88,65,nr
29/12/2020,nr,nr,84,66,nr,72,86,92,nr,78,nr,nr,nr,76,74,102,105,nr,82,nr,nr,nr,86,90,88,97,95,94,nr,76,61,93,nr,nr,nr,103,nr,nr,73,nr,nr,84,93,77,nr
30/12/2020,nr,nr,57,46,nr,66,75,93,nr,46,nr,nr,nr,68,54,56,64,nr,48,nr,nr,nr,56,66,83,64,57,92,nr,47,38,80,nr,nr,nr,55,nr,nr,64,nr,nr,53,60,66,nr
31/12/2020,nr,nr,43,44,nr,39,48,49,nr,45,nr,nr,nr,58,48,50,50,nr,47,nr,nr,nr,34,43,48,54,50,52,nr,38,36,47,nr,nr,nr,41,nr,nr,48,nr,nr,40,49,51,nr
